id,promise,reference,book,chapter,verse_start,verse_end,speaker,speaker_note,recipient,categories,conditional,volume
1,The Seed of the woman will bruise the serpent's head,Genesis 3:15,Genesis,3,15,15,God,,Humanity (via the serpent),Redemption;Messiah,False,1
2,"God will put enmity between the serpent and the woman, and between their seeds",Genesis 3:15,Genesis,3,15,15,God,,Humanity,Redemption,False,1
3,Whoever kills Cain will suffer vengeance sevenfold,Genesis 4:15,Genesis,4,15,15,God,,Cain,Protection,False,1
4,God will establish His covenant with Noah,Genesis 6:18,Genesis,6,18,18,God,,Noah,Covenant,False,1
5,"Noah, his family, and the animals will enter and be preserved in the ark",Genesis 6:18,Genesis,6,18,18,God,,Noah,Deliverance,True,1
6,In seven days God will send rain forty days and nights and destroy every living thing He made,Genesis 7:4,Genesis,7,4,4,God,,Noah,Judgment,False,1
7,God will never again curse the ground for man's sake,Genesis 8:21,Genesis,8,21,21,God,,Noah / Humanity,Mercy,False,1
8,God will never again destroy every living thing as He had done,Genesis 8:21,Genesis,8,21,21,God,,Humanity,Mercy,False,1
9,"While the earth remains, seedtime, harvest, cold, heat, summer, winter, day and night shall not cease",Genesis 8:22,Genesis,8,22,22,God,,Humanity,Providence,False,1
10,"God establishes His covenant with Noah, his descendants, and every living creature",Genesis 9:9-10,Genesis,9,9,10,God,,Noah and all creation,Covenant,False,1
11,Never again shall all flesh be cut off by flood waters,Genesis 9:11,Genesis,9,11,11,God,,All creation,Covenant,False,1
12,Never again shall a flood destroy the earth,Genesis 9:11,Genesis,9,11,11,God,,All creation,Covenant,False,1
13,The rainbow is set as the sign; God will remember His covenant when clouds cover the earth,Genesis 9:13-15,Genesis,9,13,15,God,,All creation,Covenant,False,1
14,God will show Abram the land to which he is called,Genesis 12:1,Genesis,12,1,1,God,,Abram,Guidance,True,1
15,God will make Abram a great nation,Genesis 12:2,Genesis,12,2,2,God,,Abram,Nation,False,1
16,God will bless Abram,Genesis 12:2,Genesis,12,2,2,God,,Abram,Blessing,False,1
17,God will make Abram's name great,Genesis 12:2,Genesis,12,2,2,God,,Abram,Blessing,False,1
18,Abram shall be a blessing,Genesis 12:2,Genesis,12,2,2,God,,Abram,Blessing,False,1
19,God will bless those who bless Abram,Genesis 12:3,Genesis,12,3,3,God,,Abram / Nations,Blessing,False,1
20,God will curse him who curses Abram,Genesis 12:3,Genesis,12,3,3,God,,Abram / Nations,Judgment,False,1
21,In Abram all families of the earth shall be blessed,Genesis 12:3,Genesis,12,3,3,God,,All nations,Messiah;Blessing,False,1
22,To Abram's seed God will give the land of Canaan,Genesis 12:7,Genesis,12,7,7,God,,Abram's descendants,Land,False,1
23,All the land Abram sees God gives to him and his seed forever,Genesis 13:15,Genesis,13,15,15,God,,Abram and his seed,Land,False,1
24,"Abram's seed will be as the dust of the earth, beyond counting",Genesis 13:16,Genesis,13,16,16,God,,Abram,Nation,False,1
25,God Himself is Abram's shield and exceedingly great reward,Genesis 15:1,Genesis,15,1,1,God,,Abram,Protection;Presence,False,1
26,One from Abram's own body shall be his heir,Genesis 15:4,Genesis,15,4,4,God,,Abram,Inheritance,False,1
27,Abram's descendants shall be as numberless as the stars,Genesis 15:5,Genesis,15,5,5,God,,Abram,Nation,False,1
28,"Abram's descendants will be afflicted four hundred years, but God will judge that nation",Genesis 15:13-14,Genesis,15,13,14,God,,Abram,Prophecy;Judgment,False,1
29,Afterward Abram's descendants will come out with great possessions,Genesis 15:14,Genesis,15,14,14,God,,Abram's descendants,Deliverance;Provision,False,1
30,Abram will go to his fathers in peace and be buried at a good old age,Genesis 15:15,Genesis,15,15,15,God,,Abram,Peace,False,1
31,In the fourth generation his descendants will return to the land,Genesis 15:16,Genesis,15,16,16,God,,Abram's descendants,Restoration;Land,False,1
32,God gives Abram's descendants the land from the river of Egypt to the Euphrates,Genesis 15:18,Genesis,15,18,18,God,,Abram's descendants,Land;Covenant,False,1
33,The Angel of the LORD will multiply Hagar's descendants exceedingly,Genesis 16:10,Genesis,16,10,10,Angel of the LORD,,Hagar,Nation,False,1
34,"Hagar will bear Ishmael, and he will be a wild man dwelling among his brethren",Genesis 16:11-12,Genesis,16,11,12,Angel of the LORD,,Hagar,Prophecy,False,1
35,God will make His covenant with Abram and multiply him exceedingly,Genesis 17:2,Genesis,17,2,2,God,,Abram,Covenant,False,1
36,Abram shall be a father of many nations,Genesis 17:4,Genesis,17,4,4,God,,Abraham,Nation,False,1
37,God will make Abraham exceedingly fruitful; nations and kings shall come from him,Genesis 17:6,Genesis,17,6,6,God,,Abraham,Nation;Kingdom,False,1
38,God establishes an everlasting covenant to be God to Abraham and his seed,Genesis 17:7,Genesis,17,7,7,God,,Abraham and his seed,Covenant;Presence,False,1
39,God gives Canaan as an everlasting possession and will be their God,Genesis 17:8,Genesis,17,8,8,God,,Abraham's descendants,Land;Covenant,False,1
40,God will bless Sarah and give Abraham a son by her,Genesis 17:16,Genesis,17,16,16,God,,Abraham / Sarah,Provision,False,1
41,Sarah shall be a mother of nations; kings shall come from her,Genesis 17:16,Genesis,17,16,16,God,,Sarah,Nation;Kingdom,False,1
42,"Sarah shall bear Isaac, and God will establish His everlasting covenant with him",Genesis 17:19,Genesis,17,19,19,God,,Abraham,Covenant,False,1
43,"God will bless Ishmael, multiply him, and make him a great nation of twelve princes",Genesis 17:20,Genesis,17,20,20,God,,Abraham (for Ishmael),Blessing;Nation,False,1
44,"God will establish His covenant with Isaac, whom Sarah will bear at the set time",Genesis 17:21,Genesis,17,21,21,God,,Abraham,Covenant,False,1
45,"The LORD will return, and Sarah shall have a son",Genesis 18:10,Genesis,18,10,10,God,,Abraham / Sarah,Provision,False,1
46,"At the appointed time Sarah shall have a son, for nothing is too hard for the LORD",Genesis 18:14,Genesis,18,14,14,God,,Abraham / Sarah,Provision,False,1
47,"If fifty righteous are found in Sodom, God will spare the whole place",Genesis 18:26,Genesis,18,26,26,God,,Abraham,Mercy,True,1
48,"God will not destroy Sodom for the sake of forty-five, forty, thirty, twenty, or ten righteous",Genesis 18:28-32,Genesis,18,28,32,God,,Abraham,Mercy,True,1
49,In Isaac Abraham's seed shall be called,Genesis 21:12,Genesis,21,12,12,God,,Abraham,Covenant;Messiah,False,1
50,God will make a nation of Ishmael because he is Abraham's seed,Genesis 21:13,Genesis,21,13,13,God,,Abraham,Nation,False,1
51,God will make Ishmael a great nation,Genesis 21:18,Genesis,21,18,18,Angel of God,,Hagar,Nation,False,1
52,"Because Abraham did not withhold his son, God will surely bless him",Genesis 22:16-17,Genesis,22,16,17,God,by oath,Abraham,Blessing,False,1
53,God will multiply Abraham's seed as the stars of heaven and the sand of the seashore,Genesis 22:17,Genesis,22,17,17,God,,Abraham,Nation,False,1
54,Abraham's seed shall possess the gate of his enemies,Genesis 22:17,Genesis,22,17,17,God,,Abraham's descendants,Victory,False,1
55,In Abraham's Seed all nations of the earth shall be blessed,Genesis 22:18,Genesis,22,18,18,God,,All nations,Messiah,False,1
56,God will send His angel before Abraham's servant to secure a wife for Isaac,Genesis 24:7,Genesis,24,7,7,God,cited by Abraham,Abraham's servant,Guidance,False,1
57,God will be with Isaac and bless him,Genesis 26:3,Genesis,26,3,3,God,,Isaac,Presence;Blessing,True,1
58,"To Isaac and his descendants God will give all these lands, performing the oath to Abraham",Genesis 26:3,Genesis,26,3,3,God,,Isaac,Land;Covenant,False,1
59,God will make Isaac's descendants multiply as the stars and give them all these lands,Genesis 26:4,Genesis,26,4,4,God,,Isaac,Nation;Land,False,1
60,In Isaac's seed all the nations of the earth shall be blessed,Genesis 26:4,Genesis,26,4,4,God,,All nations,Messiah,False,1
61,"God is with Isaac, will bless him, and multiply his descendants for Abraham's sake",Genesis 26:24,Genesis,26,24,24,God,,Isaac,Presence;Blessing,False,1
62,The land on which Jacob lies God will give to him and his descendants,Genesis 28:13,Genesis,28,13,13,God,,Jacob,Land,False,1
63,"Jacob's descendants shall be as the dust, spreading to the four directions",Genesis 28:14,Genesis,28,14,14,God,,Jacob,Nation,False,1
64,In Jacob and his Seed all families of the earth shall be blessed,Genesis 28:14,Genesis,28,14,14,God,,All nations,Messiah,False,1
65,God is with Jacob and will keep him wherever he goes,Genesis 28:15,Genesis,28,15,15,God,,Jacob,Presence;Protection,False,1
66,God will bring Jacob back to this land,Genesis 28:15,Genesis,28,15,15,God,,Jacob,Restoration,False,1
67,God will not leave Jacob until He has done what He has spoken,Genesis 28:15,Genesis,28,15,15,God,,Jacob,Faithfulness,False,1
68,"God commands Jacob to return, and He will be with him",Genesis 31:3,Genesis,31,3,3,God,,Jacob,Presence,False,1
69,God will surely treat Jacob well and make his seed as the sand of the sea,Genesis 32:12,Genesis,32,12,12,God,cited by Jacob,Jacob,Blessing;Nation,False,1
70,A nation and a company of nations shall come from Jacob; kings shall come from his body,Genesis 35:11-12,Genesis,35,11,12,God,,Jacob,Nation;Kingdom,False,1
71,The land given to Abraham and Isaac God gives to Jacob and his descendants,Genesis 35:12,Genesis,35,12,12,God,,Jacob,Land,False,1
72,"God will make Jacob a great nation in Egypt, go down with him, and surely bring him up again",Genesis 46:3-4,Genesis,46,3,4,God,,Jacob,Nation;Presence;Restoration,False,1
73,"God will make Jacob fruitful, multiply him, and give the land to his descendants as an everlasting possession",Genesis 48:4,Genesis,48,4,4,God,recalled by Jacob,Jacob,Nation;Land,False,1
74,God will be with Joseph's people and bring them back to the land of their fathers,Genesis 48:21,Genesis,48,21,21,God,via Jacob's testimony,Joseph / Israel,Presence;Restoration,False,1
75,"The scepter shall not depart from Judah until Shiloh comes, and to Him shall be the obedience of the people",Genesis 49:10,Genesis,49,10,10,God,through Jacob's prophecy,Judah / All nations,Messiah;Kingdom,False,1
76,God will surely visit Israel and bring them out of Egypt to the promised land,Genesis 50:24,Genesis,50,24,24,God,via Joseph's testimony,Israel,Deliverance;Land,False,1
77,God has come down to deliver Israel from Egypt and bring them to a good and large land,Exodus 3:8,Exodus,3,8,8,God,,Israel (via Moses),Deliverance;Land,False,1
78,God will send Moses to Pharaoh to bring Israel out of Egypt,Exodus 3:10,Exodus,3,10,10,God,,Moses,Commission;Deliverance,False,1
79,God will certainly be with Moses,Exodus 3:12,Exodus,3,12,12,God,,Moses,Presence,False,1
80,Israel will serve God on this mountain as the sign,Exodus 3:12,Exodus,3,12,12,God,,Moses,Sign,False,1
81,God will bring Israel up out of affliction into a land flowing with milk and honey,Exodus 3:17,Exodus,3,17,17,God,,Israel,Deliverance;Land,False,1
82,"God will stretch out His hand, strike Egypt with wonders, and after that Pharaoh will let them go",Exodus 3:20,Exodus,3,20,20,God,,Moses / Israel,Deliverance,False,1
83,God will give Israel favor with the Egyptians; they will not go out empty-handed,Exodus 3:21-22,Exodus,3,21,22,God,,Israel,Provision,False,1
84,God will be with Moses' mouth and teach him what to say,Exodus 4:12,Exodus,4,12,12,God,,Moses,Wisdom;Presence,False,1
85,God will be with the mouths of Moses and Aaron and teach them what to do,Exodus 4:15,Exodus,4,15,15,God,,Moses / Aaron,Wisdom,False,1
86,God will bring Israel out from under the burdens of Egypt,Exodus 6:6,Exodus,6,6,6,God,,Israel,Deliverance,False,1
87,God will rescue Israel from bondage,Exodus 6:6,Exodus,6,6,6,God,,Israel,Deliverance,False,1
88,God will redeem Israel with an outstretched arm and great judgments,Exodus 6:6,Exodus,6,6,6,God,,Israel,Redemption,False,1
89,God will take Israel as His people and be their God,Exodus 6:7,Exodus,6,7,7,God,,Israel,Covenant;Presence,False,1
90,"God will bring Israel into the land He swore to Abraham, Isaac, and Jacob and give it as a heritage",Exodus 6:8,Exodus,6,8,8,God,,Israel,Land;Inheritance,False,1
91,"God will set apart Goshen so no swarms of flies are there, making a difference between His people and Egypt",Exodus 8:22-23,Exodus,8,22,23,God,,Pharaoh / Israel,Protection,False,1
92,The LORD will make a difference between Israel's livestock and Egypt's; nothing of Israel's shall die,Exodus 9:4,Exodus,9,4,4,God,,Israel,Protection,False,1
93,"When God sees the blood, He will pass over; the plague shall not destroy those under it",Exodus 12:13,Exodus,12,13,13,God,,Israel,Redemption;Protection,True,1
94,The LORD will not allow the destroyer to enter houses marked by the blood,Exodus 12:23,Exodus,12,23,23,God,,Israel,Protection,True,1
95,Israel will see the salvation of the LORD; the LORD will fight for them,Exodus 14:13-14,Exodus,14,13,14,God,through Moses,Israel,Deliverance;Victory,False,1
96,"If Israel diligently heeds God's voice, He will put none of Egypt's diseases on them, for He is the LORD who heals",Exodus 15:26,Exodus,15,26,26,God,,Israel,Healing,True,1
97,God will rain bread from heaven for Israel,Exodus 16:4,Exodus,16,4,4,God,,Israel,Provision,False,1
98,"At twilight Israel shall eat meat, and in the morning be filled with bread, and know the LORD their God",Exodus 16:12,Exodus,16,12,12,God,,Israel,Provision,False,1
99,"If Israel obeys God's voice and keeps His covenant, they shall be His special treasure, a kingdom of priests and a holy nation",Exodus 19:5-6,Exodus,19,5,6,God,,Israel,Covenant;Sanctification,True,1
100,God shows mercy to thousands who love Him and keep His commandments,Exodus 20:6,Exodus,20,6,6,God,,Israel / All who love Him,Mercy,True,1
101,"Honor your father and mother, that your days may be long upon the land",Exodus 20:12,Exodus,20,12,12,God,,Israel,Blessing;Land,True,1
102,"In every place where God records His name, He will come to His people and bless them",Exodus 20:24,Exodus,20,24,24,God,,Israel,Presence;Blessing,False,1
103,God sends His Angel before Israel to keep them in the way and bring them into the prepared place,Exodus 23:20,Exodus,23,20,20,God,,Israel,Guidance;Protection,False,1
104,"If Israel obeys His voice, God will be an enemy to their enemies",Exodus 23:22,Exodus,23,22,22,God,,Israel,Protection;Victory,True,1
105,"Serve the LORD, and He will bless your bread and water and take sickness away from your midst",Exodus 23:25,Exodus,23,25,25,God,,Israel,Provision;Healing,True,1
106,No one shall miscarry or be barren; God will fulfill the number of their days,Exodus 23:26,Exodus,23,26,26,God,,Israel,Blessing,True,1
107,God will send His fear and hornets before Israel and drive out their enemies,Exodus 23:27-28,Exodus,23,27,28,God,,Israel,Victory,False,1
108,Little by little God will drive out the inhabitants until Israel has increased and inherits the land,Exodus 23:30,Exodus,23,30,30,God,,Israel,Land;Victory,False,1
109,God will set Israel's borders from the Red Sea to the Euphrates and deliver the inhabitants into their hand,Exodus 23:31,Exodus,23,31,31,God,,Israel,Land,False,1
110,God will dwell among the children of Israel and be their God,Exodus 29:45,Exodus,29,45,45,God,,Israel,Presence,False,1
111,"God's Angel shall go before Israel; in the day He visits, He will visit their sin upon them",Exodus 32:34,Exodus,32,34,34,God,,Israel,Guidance;Judgment,False,1
112,"God's Presence will go with Moses, and He will give him rest",Exodus 33:14,Exodus,33,14,14,God,,Moses / Israel,Presence;Peace,False,1
113,God will make all His goodness pass before Moses and will be gracious to whom He will be gracious,Exodus 33:19,Exodus,33,19,19,God,,Moses,Grace;Mercy,False,1
114,"The LORD is merciful and gracious, longsuffering, abounding in goodness and truth, keeping mercy for thousands, forgiving iniquity — yet by no means clearing the guilty",Exodus 34:6-7,Exodus,34,6,7,God,,Moses / Israel,Mercy;Grace;Judgment,False,1
115,God will make a covenant and do marvels never before done in all the earth,Exodus 34:10,Exodus,34,10,10,God,,Israel,Covenant,False,1
116,"God will drive out the Amorite, Canaanite, Hittite, Perizzite, Hivite, and Jebusite before Israel",Exodus 34:11,Exodus,34,11,11,God,,Israel,Victory;Land,False,1
117,"God will cast out the nations, enlarge Israel's borders, and no one will covet their land when they appear before Him",Exodus 34:24,Exodus,34,24,24,God,,Israel,Protection;Land,True,1
118,"If Israel walks in God's statutes, He will give rain in its season, and the land shall yield its produce",Leviticus 26:3-4,Leviticus,26,3,4,God,,Israel,Provision,True,1
119,Israel's threshing shall last to vintage; they shall eat bread to the full and dwell safely,Leviticus 26:5,Leviticus,26,5,5,God,,Israel,Provision;Peace,True,1
120,God will give peace in the land; they will lie down and none will make them afraid,Leviticus 26:6,Leviticus,26,6,6,God,,Israel,Peace,True,1
121,"God will rid the land of evil beasts, and the sword will not go through the land",Leviticus 26:6,Leviticus,26,6,6,God,,Israel,Protection,True,1
122,"Israel will chase their enemies; five shall chase a hundred, and a hundred put ten thousand to flight",Leviticus 26:7-8,Leviticus,26,7,8,God,,Israel,Victory,True,1
123,"God will look on Israel with favor, make them fruitful, multiply them, and confirm His covenant",Leviticus 26:9,Leviticus,26,9,9,God,,Israel,Blessing;Covenant,True,1
124,"God will set His tabernacle among them, and His soul shall not abhor them",Leviticus 26:11,Leviticus,26,11,11,God,,Israel,Presence,True,1
125,"God will walk among them, be their God, and they shall be His people",Leviticus 26:12,Leviticus,26,12,12,God,,Israel,Presence;Covenant,True,1
126,God broke the bands of their yoke and made them walk upright,Leviticus 26:13,Leviticus,26,13,13,God,,Israel,Deliverance,False,1
127,"If Israel despises God's statutes, He will appoint terror, defeat, drought, wild beasts, sword, pestilence, and scattering",Leviticus 26:14-39,Leviticus,26,14,39,God,,Israel,Judgment,True,1
128,"If they confess their iniquity and their hearts are humbled, God will remember His covenant with Jacob, Isaac, and Abraham, and remember the land",Leviticus 26:40-42,Leviticus,26,40,42,God,,Israel,Restoration;Covenant,True,1
129,Even in the land of their enemies God will not cast them away nor abhor them to destroy them utterly or break His covenant,Leviticus 26:44,Leviticus,26,44,44,God,,Israel,Faithfulness;Covenant,False,1
130,For their sakes God will remember the covenant of their ancestors whom He brought out of Egypt,Leviticus 26:45,Leviticus,26,45,45,God,,Israel,Covenant;Mercy,False,1
131,"The LORD will bless and keep Israel, make His face shine on them, be gracious, lift up His countenance, and give peace — for He puts His name on them and will bless them",Numbers 6:24-27,Numbers,6,24,27,God,,Israel,Blessing;Peace;Presence,False,1
132,"When Israel blows the trumpets in war, they will be remembered before the LORD and saved from their enemies",Numbers 10:9,Numbers,10,9,9,God,,Israel,Deliverance,True,1
133,"God will give Israel meat for a whole month until it becomes loathsome, because they despised the LORD",Numbers 11:18-20,Numbers,11,18,20,God,,Israel,Provision;Judgment,False,1
134,"If there is a prophet, God will make Himself known in a vision and speak in a dream",Numbers 12:6,Numbers,12,6,6,God,,Aaron / Miriam,Revelation,False,1
135,"God pardons Israel at Moses' word, but the men who tested Him ten times shall not see the land",Numbers 14:20-23,Numbers,14,20,23,God,,Israel,Mercy;Judgment,False,1
136,"Because Caleb has a different spirit and fully followed God, He will bring him into the land, and his descendants shall inherit it",Numbers 14:24,Numbers,14,24,24,God,,Caleb,Inheritance,False,1
137,"The unbelieving generation will fall in the wilderness, but their little ones God will bring in to know the land",Numbers 14:28-31,Numbers,14,28,31,God,,Israel,Judgment;Mercy,False,1
138,God will give Israel the land of their habitations,Numbers 15:2,Numbers,15,2,2,God,,Israel,Land,False,1
139,God Himself is Aaron's portion and inheritance among the children of Israel,Numbers 18:20,Numbers,18,20,20,God,,Aaron / Priests,Inheritance;Presence,False,1
140,Everyone bitten who looks at the bronze serpent shall live,Numbers 21:8,Numbers,21,8,8,God,,Israel,Healing;Salvation,True,1
141,God has delivered Og king of Bashan into Israel's hand,Numbers 21:34,Numbers,21,34,34,God,,Moses / Israel,Victory,False,1
142,God is not a man that He should lie; what He has spoken He will make good,Numbers 23:19,Numbers,23,19,19,God,through Balaam,Israel / Balak,Faithfulness,False,1
143,A Star shall come out of Jacob; a Scepter shall rise out of Israel,Numbers 24:17,Numbers,24,17,17,God,through Balaam,Israel / Nations,Messiah;Kingdom,False,1
144,God gives Phinehas His covenant of peace — an everlasting priesthood for him and his descendants,Numbers 25:12-13,Numbers,25,12,13,God,,Phinehas,Covenant;Priesthood,False,1
145,Moses will see the land and then be gathered to his people,Numbers 27:12-13,Numbers,27,12,13,God,,Moses,Prophecy,False,1
146,God dwells among the children of Israel,Numbers 35:34,Numbers,35,34,34,God,,Israel,Presence,False,1
147,The LORD who goes before Israel will fight for them,Deuteronomy 1:30,Deuteronomy,1,30,30,God,through Moses,Israel,Victory,False,1
148,This day God begins to put the dread and fear of Israel upon the nations,Deuteronomy 2:25,Deuteronomy,2,25,25,God,,Israel,Victory,False,1
149,"If from there you seek the LORD your God, you will find Him if you seek Him with all your heart and soul",Deuteronomy 4:29,Deuteronomy,4,29,29,God,through Moses,Israel,Restoration;Presence,True,1
150,The LORD your God is a merciful God; He will not forsake you nor destroy you nor forget the covenant of your fathers,Deuteronomy 4:31,Deuteronomy,4,31,31,God,through Moses,Israel,Mercy;Faithfulness,False,1
151,"Keep His statutes that it may go well with you and your children, and that you may prolong your days in the land",Deuteronomy 4:40,Deuteronomy,4,40,40,God,through Moses,Israel,Blessing;Life,True,2
152,"Oh that they had such a heart to fear Me, that it might be well with them and their children forever",Deuteronomy 5:29,Deuteronomy,5,29,29,God,,Israel,Blessing,True,1
153,"Walk in all God's ways that you may live, that it may be well with you, and that you may prolong your days in the land",Deuteronomy 5:33,Deuteronomy,5,33,33,God,through Moses,Israel,Life;Blessing,True,1
154,Observe to do God's word that it may be well with you and that you may multiply greatly in the land flowing with milk and honey,Deuteronomy 6:3,Deuteronomy,6,3,3,God,through Moses,Israel,Blessing,True,1
155,The LORD keeps covenant and mercy for a thousand generations with those who love Him and keep His commandments,Deuteronomy 7:9,Deuteronomy,7,9,9,God,through Moses,Israel,Faithfulness;Covenant,True,1
156,"God will love you, bless you, multiply you, and bless the fruit of your womb, your land, grain, wine, oil, and herds",Deuteronomy 7:13,Deuteronomy,7,13,13,God,through Moses,Israel,Blessing;Provision,True,1
157,You shall be blessed above all peoples; there shall not be male or female barren among you or your livestock,Deuteronomy 7:14,Deuteronomy,7,14,14,God,through Moses,Israel,Blessing,True,1
158,The LORD will take away from you all sickness and put none of Egypt's diseases on you,Deuteronomy 7:15,Deuteronomy,7,15,15,God,through Moses,Israel,Healing,True,1
159,The LORD will drive out the nations little by little and deliver them to you with great confusion until destroyed,Deuteronomy 7:22-23,Deuteronomy,7,22,23,God,through Moses,Israel,Victory,False,1
160,"The LORD is bringing you into a good land of brooks, fountains, and springs",Deuteronomy 8:7,Deuteronomy,8,7,7,God,through Moses,Israel,Land;Provision,False,1
161,"The LORD gives you power to get wealth, that He may establish His covenant which He swore to your fathers",Deuteronomy 8:18,Deuteronomy,8,18,18,God,through Moses,Israel,Provision;Covenant,False,2
162,"He administers justice for the fatherless and the widow, and loves the stranger, giving him food and clothing",Deuteronomy 10:18,Deuteronomy,10,18,18,God,through Moses,The fatherless / Widows / Strangers,Justice;Provision,False,2
163,"If you love and serve God with all your heart, He will give the early and latter rain and grass for your livestock, and you will eat and be filled",Deuteronomy 11:13-15,Deuteronomy,11,13,15,God,,Israel,Provision,True,1
164,"If you keep His commandments, God will drive out nations greater than you; every place your foot treads shall be yours; no man shall stand against you",Deuteronomy 11:22-25,Deuteronomy,11,22,25,God,through Moses,Israel,Victory;Land,True,1
165,"God will give you rest from all your enemies round about, so that you dwell in safety",Deuteronomy 12:10,Deuteronomy,12,10,10,God,through Moses,Israel,Peace,False,1
166,"There will be no poor among you, for the LORD will greatly bless you in the land",Deuteronomy 15:4,Deuteronomy,15,4,4,God,through Moses,Israel,Provision,True,1
167,The LORD will bless you as He promised; you shall lend to many nations and not borrow; you shall reign over many nations,Deuteronomy 15:6,Deuteronomy,15,6,6,God,through Moses,Israel,Provision;Victory,True,1
168,The LORD your God will raise up for you a Prophet like Moses from your midst — Him you shall hear,Deuteronomy 18:15,Deuteronomy,18,15,15,God,through Moses,Israel,Messiah,False,1
169,"God will raise up a Prophet, put His words in His mouth, and He shall speak all that God commands",Deuteronomy 18:18,Deuteronomy,18,18,18,God,,Israel,Messiah;Revelation,False,1
170,"Whoever will not hear the words the Prophet speaks in God's name, God will require it of him",Deuteronomy 18:19,Deuteronomy,18,19,19,God,,Israel,Judgment,False,1
171,"The LORD your God goes with you to fight for you against your enemies, to save you",Deuteronomy 20:4,Deuteronomy,20,4,4,God,through the priest,Israel,Presence;Victory,False,1
172,The LORD walks in the midst of your camp to deliver you and give your enemies over to you,Deuteronomy 23:14,Deuteronomy,23,14,14,God,through Moses,Israel,Presence;Victory,True,1
173,"The LORD has proclaimed you to be His special people, to set you high above all nations in praise, name, and honor — a holy people to the LORD",Deuteronomy 26:18-19,Deuteronomy,26,18,19,God,through Moses,Israel,Identity;Sanctification,True,2
174,"If you diligently obey the LORD, He will set you high above all nations, and all these blessings shall overtake you",Deuteronomy 28:1-2,Deuteronomy,28,1,2,God,through Moses,Israel,Blessing,True,1
175,You shall be blessed in the city,Deuteronomy 28:3,Deuteronomy,28,3,3,God,through Moses,Israel,Blessing,True,2
176,You shall be blessed in the field,Deuteronomy 28:3,Deuteronomy,28,3,3,God,through Moses,Israel,Blessing,True,2
177,Blessed shall be the fruit of your body,Deuteronomy 28:4,Deuteronomy,28,4,4,God,through Moses,Israel,Blessing;Family,True,2
178,Blessed shall be the produce of your ground,Deuteronomy 28:4,Deuteronomy,28,4,4,God,through Moses,Israel,Provision,True,2
179,Blessed shall be the increase of your herds and flocks,Deuteronomy 28:4,Deuteronomy,28,4,4,God,through Moses,Israel,Provision,True,2
180,Blessed shall be your basket and your kneading bowl,Deuteronomy 28:5,Deuteronomy,28,5,5,God,through Moses,Israel,Provision,True,2
181,Blessed shall you be when you come in,Deuteronomy 28:6,Deuteronomy,28,6,6,God,through Moses,Israel,Blessing,True,2
182,Blessed shall you be when you go out,Deuteronomy 28:6,Deuteronomy,28,6,6,God,through Moses,Israel,Blessing,True,2
183,The LORD will cause your enemies to be defeated before your face; they will flee seven ways,Deuteronomy 28:7,Deuteronomy,28,7,7,God,through Moses,Israel,Victory,True,1
184,The LORD will command the blessing on your storehouses,Deuteronomy 28:8,Deuteronomy,28,8,8,God,through Moses,Israel,Provision,True,2
185,The LORD will command the blessing on all to which you set your hand,Deuteronomy 28:8,Deuteronomy,28,8,8,God,through Moses,Israel,Provision,True,2
186,The LORD will bless you in the land He is giving you,Deuteronomy 28:8,Deuteronomy,28,8,8,God,through Moses,Israel,Blessing;Land,True,2
187,The LORD will establish you as a holy people to Himself if you keep His commandments,Deuteronomy 28:9,Deuteronomy,28,9,9,God,through Moses,Israel,Sanctification,True,1
188,All peoples of the earth shall see that you are called by the name of the LORD and be afraid of you,Deuteronomy 28:10,Deuteronomy,28,10,10,God,through Moses,Israel,Blessing,True,1
189,"The LORD will grant you plenty of goods, in the fruit of your body, your livestock, and your ground",Deuteronomy 28:11,Deuteronomy,28,11,11,God,through Moses,Israel,Provision,True,2
190,"The LORD will open to you His good treasure, the heavens, to give the rain in its season",Deuteronomy 28:12,Deuteronomy,28,12,12,God,through Moses,Israel,Provision,True,2
191,The LORD will bless all the work of your hand,Deuteronomy 28:12,Deuteronomy,28,12,12,God,through Moses,Israel,Provision,True,2
192,"You shall lend to many nations, but you shall not borrow",Deuteronomy 28:12,Deuteronomy,28,12,12,God,through Moses,Israel,Provision,True,2
193,The LORD will make you the head and not the tail,Deuteronomy 28:13,Deuteronomy,28,13,13,God,through Moses,Israel,Blessing,True,2
194,"You shall be above only, and not be beneath",Deuteronomy 28:13,Deuteronomy,28,13,13,God,through Moses,Israel,Blessing,True,2
195,"If you do not obey, curses will overtake you — defeat, disease, drought, exile, and scattering among all nations",Deuteronomy 28:15-68,Deuteronomy,28,15,68,God,through Moses,Israel,Judgment,True,1
196,"When you return to the LORD in exile and obey His voice, He will bring you back from captivity, have compassion, and gather you from all the nations",Deuteronomy 30:1-3,Deuteronomy,30,1,3,God,through Moses,Israel,Restoration,True,1
197,"If any are driven to the farthest parts under heaven, from there the LORD will gather you and bring you back",Deuteronomy 30:4,Deuteronomy,30,4,4,God,through Moses,Israel,Restoration,True,1
198,"The LORD will bring you to the land of your fathers, and you shall possess it; He will prosper and multiply you more than your fathers",Deuteronomy 30:5,Deuteronomy,30,5,5,God,through Moses,Israel,Restoration;Land,True,1
199,"The LORD your God will circumcise your heart and the heart of your descendants, to love Him with all your heart and soul, that you may live",Deuteronomy 30:6,Deuteronomy,30,6,6,God,through Moses,Israel,New Heart;Sanctification,False,1
200,The LORD will make you abound in all the work of your hand; He will again rejoice over you for good,Deuteronomy 30:9,Deuteronomy,30,9,9,God,through Moses,Israel,Blessing;Restoration,True,1
201,The LORD goes with you; He will not leave you nor forsake you,Deuteronomy 31:6,Deuteronomy,31,6,6,God,through Moses,Israel,Presence;Faithfulness,False,1
202,The LORD Himself goes before you and will be with you; He will not leave you nor forsake you; do not fear,Deuteronomy 31:8,Deuteronomy,31,8,8,God,through Moses,Joshua / Israel,Presence,False,1
203,"Be strong and of good courage; you shall bring Israel into the land I swore to them, and I will be with you",Deuteronomy 31:23,Deuteronomy,31,23,23,God,,Joshua,Presence;Commission,False,1
204,Vengeance belongs to God; He will judge His people and have compassion on His servants,Deuteronomy 32:35-36,Deuteronomy,32,35,36,God,through Moses' song,Israel,Justice;Mercy,False,1
205,God will avenge the blood of His servants and provide atonement for His land and His people,Deuteronomy 32:43,Deuteronomy,32,43,43,God,through Moses' song,Israel,Justice;Atonement,False,1
206,"The beloved of the LORD shall dwell in safety by Him; the LORD shall cover him all the day long, and he shall dwell between His shoulders",Deuteronomy 33:12,Deuteronomy,33,12,12,God,through Moses' blessing,Benjamin / The beloved,Protection;Presence,False,2
207,"As your days, so shall your strength be",Deuteronomy 33:25,Deuteronomy,33,25,25,God,through Moses' blessing,Asher / God's people,Strength,False,2
208,"There is no one like the God of Jeshurun, who rides the heavens to help you; He will thrust out the enemy from before you",Deuteronomy 33:26-27,Deuteronomy,33,26,27,God,through Moses' blessing,Israel,Help;Victory,False,2
209,"The eternal God is your refuge, and underneath are the everlasting arms; He will thrust out the enemy before you",Deuteronomy 33:27,Deuteronomy,33,27,27,God,through Moses' blessing,Israel,Protection;Victory,False,1
210,"Israel shall dwell in safety, alone, in a land of grain and new wine; happy are you, O Israel — a people saved by the LORD, the shield of your help",Deuteronomy 33:28-29,Deuteronomy,33,28,29,God,through Moses' blessing,Israel,Peace;Salvation,False,2
211,"Every place the sole of your foot treads I have given you, as I said to Moses",Joshua 1:3,Joshua,1,3,3,God,,Joshua / Israel,Land,False,1
212,"No man shall stand before you all the days of your life; as I was with Moses, so I will be with you",Joshua 1:5,Joshua,1,5,5,God,,Joshua,Presence;Victory,False,1
213,I will not leave you nor forsake you,Joshua 1:5,Joshua,1,5,5,God,,Joshua,Faithfulness,False,1
214,"If you meditate on this Book of the Law and do it, you will make your way prosperous and have good success",Joshua 1:8,Joshua,1,8,8,God,,Joshua,Blessing;Wisdom,True,1
215,Be strong and courageous; the LORD your God is with you wherever you go,Joshua 1:9,Joshua,1,9,9,God,,Joshua,Presence,False,1
216,"This day God will begin to exalt Joshua in the sight of all Israel, that they may know He is with him as He was with Moses",Joshua 3:7,Joshua,3,7,7,God,,Joshua,Blessing,False,1
217,"God has given Jericho into Joshua's hand, its king, and its mighty men of valor",Joshua 6:2,Joshua,6,2,2,God,,Joshua,Victory,False,1
218,"God has given into Joshua's hand the king of Ai, his people, city, and land",Joshua 8:1,Joshua,8,1,1,God,,Joshua,Victory,False,1
219,Do not fear the Amorite kings; God has delivered them into your hand; not a man shall stand before you,Joshua 10:8,Joshua,10,8,8,God,,Joshua,Victory,False,1
220,By this time tomorrow God will deliver the northern coalition slain before Israel,Joshua 11:6,Joshua,11,6,6,God,,Joshua,Victory,False,1
221,God Himself will drive out the inhabitants of the mountains and Sidon before Israel,Joshua 13:6,Joshua,13,6,6,God,,Joshua,Victory;Land,False,1
222,Not a word failed of any good thing the LORD had spoken to Israel; all came to pass,Joshua 21:45,Joshua,21,45,45,God,testimony of fulfillment,Israel,Faithfulness,False,1
223,"One man of you shall chase a thousand, for the LORD fights for you as He promised",Joshua 23:10,Joshua,23,10,10,God,through Joshua,Israel,Victory,False,1
224,Judah shall go up first; God has delivered the land into his hand,Judges 1:2,Judges,1,2,2,God,,Judah / Israel,Victory,False,1
225,The Angel of the LORD declares: I will never break My covenant with you,Judges 2:1,Judges,2,1,1,Angel of the LORD,,Israel,Covenant;Faithfulness,False,1
226,God will deploy Sisera at the River Kishon and deliver him into Barak's hand,Judges 4:7,Judges,4,7,7,God,through Deborah,Barak,Victory,False,1
227,"The LORD is with you, mighty man of valor",Judges 6:12,Judges,6,12,12,Angel of the LORD,,Gideon,Presence,False,1
228,Go in this might of yours; you shall save Israel from the Midianites — have I not sent you?,Judges 6:14,Judges,6,14,14,God,,Gideon,Commission;Victory,False,1
229,"Surely I will be with you, and you shall defeat the Midianites as one man",Judges 6:16,Judges,6,16,16,God,,Gideon,Presence;Victory,False,1
230,By the three hundred men who lapped I will save you and deliver the Midianites into your hand,Judges 7:7,Judges,7,7,7,God,,Gideon,Deliverance,False,1
231,The barren wife of Manoah will conceive and bear a son who will begin to deliver Israel from the Philistines,Judges 13:3-5,Judges,13,3,5,Angel of the LORD,,Manoah's wife,Provision;Deliverance,False,1
232,"The LORD repay your work; a full reward be given you by the LORD, under whose wings you have come for refuge",Ruth 2:12,Ruth,2,12,12,God,through Boaz's blessing,Ruth,Reward;Refuge,False,1
233,"Those who honor Me I will honor, and those who despise Me shall be lightly esteemed",1 Samuel 2:30,1 Samuel,2,30,30,God,,Eli / All,Blessing;Judgment,True,1
234,"God will raise up a faithful priest who shall do according to what is in His heart, and He will build him a sure house",1 Samuel 2:35,1 Samuel,2,35,35,God,,Eli / Israel,Priesthood;Messiah,False,1
235,"God will judge Eli's house forever, and its iniquity shall not be atoned by sacrifice",1 Samuel 3:11-14,1 Samuel,3,11,14,God,,Samuel (re: Eli),Judgment,False,1
236,"Saul shall save God's people from the hand of the Philistines, for God has looked upon His people",1 Samuel 9:16,1 Samuel,9,16,16,God,,Samuel (re: Saul),Deliverance,False,1
237,"Do as the occasion demands, for God is with you",1 Samuel 10:7,1 Samuel,10,7,7,God,through Samuel,Saul,Presence,False,1
238,"The LORD will not forsake His people, for His great name's sake, because it has pleased Him to make you His people",1 Samuel 12:22,1 Samuel,12,22,22,God,through Samuel,Israel,Faithfulness,False,1
239,The LORD has torn the kingdom of Israel from Saul and given it to a neighbor better than he,1 Samuel 15:28,1 Samuel,15,28,28,God,through Samuel,Saul,Judgment;Kingdom,False,1
240,God has provided Himself a king among the sons of Jesse,1 Samuel 16:1,1 Samuel,16,1,1,God,,Samuel,Kingdom;Provision,False,1
241,"Arise, go down to Keilah, for I will deliver the Philistines into your hand",1 Samuel 23:4,1 Samuel,23,4,4,God,,David,Victory,False,1
242,"Pursue, for you shall surely overtake them and without fail recover all",1 Samuel 30:8,1 Samuel,30,8,8,God,,David,Victory;Restoration,False,1
243,"Go up, for I will doubtless deliver the Philistines into your hand",2 Samuel 5:19,2 Samuel,5,19,19,God,,David,Victory,False,1
244,"God will make David a great name, like the name of the great men of the earth",2 Samuel 7:9,2 Samuel,7,9,9,God,,David,Blessing,False,1
245,"God will appoint a place for His people Israel and plant them, that they may dwell in a place of their own and move no more",2 Samuel 7:10,2 Samuel,7,10,10,God,,Israel,Land;Peace,False,1
246,The LORD will make David a house,2 Samuel 7:11,2 Samuel,7,11,11,God,,David,Covenant;Kingdom,False,1
247,God will set up David's seed after him and establish his kingdom,2 Samuel 7:12,2 Samuel,7,12,12,God,,David,Kingdom;Messiah,False,1
248,"David's seed shall build a house for God's name, and God will establish the throne of his kingdom forever",2 Samuel 7:13,2 Samuel,7,13,13,God,,David / Solomon,Kingdom;Messiah,False,1
249,"I will be his Father, and he shall be My son; when he sins I will chasten him with the rod of men",2 Samuel 7:14,2 Samuel,7,14,14,God,,David's seed,Covenant;Discipline,False,1
250,"My mercy shall not depart from him, as I took it from Saul",2 Samuel 7:15,2 Samuel,7,15,15,God,,David's seed,Mercy,False,1
251,"Your house, kingdom, and throne shall be established forever before Me",2 Samuel 7:16,2 Samuel,7,16,16,God,,David,Kingdom;Messiah,False,1
252,The LORD has put away David's sin — he shall not die — but the child born to him shall die,2 Samuel 12:13-14,2 Samuel,12,13,14,God,through Nathan,David,Mercy;Judgment,False,1
253,"As for God, His way is perfect; the word of the LORD is proven; He is a shield to all who trust in Him",2 Samuel 22:31,2 Samuel,22,31,31,God,through David's song,All who trust Him,Protection,True,1
254,"God gives Solomon a wise and understanding heart, so that there has been and will be none like him",1 Kings 3:12,1 Kings,3,12,12,God,,Solomon,Wisdom,False,1
255,God also gives Solomon what he did not ask — riches and honor above all kings of his days,1 Kings 3:13,1 Kings,3,13,13,God,,Solomon,Provision;Blessing,False,1
256,"If Solomon walks in God's ways as David did, God will lengthen his days",1 Kings 3:14,1 Kings,3,14,14,God,,Solomon,Life,True,1
257,"If Solomon walks in God's statutes, God will perform His word to David, dwell among Israel, and not forsake them",1 Kings 6:12-13,1 Kings,6,12,13,God,,Solomon,Covenant;Presence,True,1
258,Blessed be the LORD who has given rest to Israel; not one word has failed of all His good promise through Moses,1 Kings 8:56,1 Kings,8,56,56,God,testimony of fulfillment,Israel,Faithfulness,False,1
259,God has consecrated the temple; His eyes and heart will be there perpetually,1 Kings 9:3,1 Kings,9,3,3,God,,Solomon,Presence,False,1
260,"If Solomon walks before God in integrity, He will establish the throne of his kingdom over Israel forever",1 Kings 9:4-5,1 Kings,9,4,5,God,,Solomon,Kingdom,True,1
261,For David's sake God will not tear away the whole kingdom; one tribe will remain for David and Jerusalem,1 Kings 11:13,1 Kings,11,13,13,God,,Solomon,Mercy;Kingdom,False,1
262,"If Jeroboam heeds God's commands, God will be with him and build him an enduring house as He built for David",1 Kings 11:38,1 Kings,11,38,38,God,through Ahijah,Jeroboam,Kingdom,True,1
263,The bin of flour shall not be used up nor the jar of oil run dry until the LORD sends rain,1 Kings 17:14,1 Kings,17,14,14,God,through Elijah,Widow of Zarephath,Provision,False,1
264,"Go present yourself to Ahab, and I will send rain on the earth",1 Kings 18:1,1 Kings,18,1,1,God,,Elijah,Provision,False,1
265,God has reserved seven thousand in Israel whose knees have not bowed to Baal,1 Kings 19:18,1 Kings,19,18,18,God,,Elijah,Remnant;Faithfulness,False,1
266,Tomorrow about this time fine flour and barley will sell cheaply in the gate of Samaria,2 Kings 7:1,2 Kings,7,1,1,God,through Elisha,Samaria,Provision;Deliverance,False,1
267,"Because Jehu did well executing what was right, his sons to the fourth generation shall sit on Israel's throne",2 Kings 10:30,2 Kings,10,30,30,God,,Jehu,Kingdom,False,1
268,The king of Assyria shall not come into this city; God will defend it and save it for His own sake and David's sake,2 Kings 19:32-34,2 Kings,19,32,34,God,through Isaiah,Hezekiah / Jerusalem,Protection;Deliverance,False,1
269,"God has heard Hezekiah's prayer and seen his tears; He will heal him, add fifteen years to his life, and deliver the city from Assyria",2 Kings 20:5-6,2 Kings,20,5,6,God,through Isaiah,Hezekiah,Healing;Prayer,False,1
270,"God will bring such calamity on Jerusalem that both ears of everyone who hears will tingle, because of Manasseh's sin",2 Kings 21:12-14,2 Kings,21,12,14,God,,Judah,Judgment,False,1
271,"Because Josiah's heart was tender and he humbled himself, he shall be gathered to his grave in peace and not see the coming calamity",2 Kings 22:19-20,2 Kings,22,19,20,God,through Huldah,Josiah,Mercy;Peace,False,1
272,God will make David a name like the name of the great men of the earth,1 Chronicles 17:8,1 Chronicles,17,8,8,God,,David,Blessing,False,1
273,God will ordain a place for Israel and plant them; they shall be moved no more,1 Chronicles 17:9,1 Chronicles,17,9,9,God,,Israel,Land;Peace,False,1
274,God will subdue all David's enemies and build him a house,1 Chronicles 17:10,1 Chronicles,17,10,10,God,,David,Victory;Covenant,False,1
275,"God will raise up David's seed, establish his kingdom, and establish his throne forever",1 Chronicles 17:11-12,1 Chronicles,17,11,12,God,,David,Kingdom;Messiah,False,1
276,"I will be his Father, and he shall be My son; I will not take My mercy from him",1 Chronicles 17:13,1 Chronicles,17,13,13,God,,David's seed,Covenant;Mercy,False,1
277,God will settle him in His house and kingdom forever; his throne shall be established forevermore,1 Chronicles 17:14,1 Chronicles,17,14,14,God,,David's seed / Messiah,Kingdom,False,1
278,"Solomon, a man of rest, will build God's house; God will give Israel peace in his days and establish his throne forever",1 Chronicles 22:9-10,1 Chronicles,22,9,10,God,recalled by David,David / Solomon,Peace;Kingdom,False,1
279,The LORD God will be with Solomon; He will not leave nor forsake him until the temple work is finished,1 Chronicles 28:20,1 Chronicles,28,20,20,God,through David,Solomon,Presence;Faithfulness,False,1
280,"Wisdom and knowledge are granted to Solomon, and God will give riches, wealth, and honor beyond any king before or after",2 Chronicles 1:12,2 Chronicles,1,12,12,God,,Solomon,Wisdom;Provision,False,1
281,"If My people humble themselves, pray, seek My face, and turn from their wicked ways, I will hear from heaven, forgive their sin, and heal their land",2 Chronicles 7:14,2 Chronicles,7,14,14,God,,Israel (God's people),Restoration;Healing;Prayer,True,1
282,God's eyes will be open and ears attentive to prayer made in this place; His eyes and heart will be there perpetually,2 Chronicles 7:15-16,2 Chronicles,7,15,16,God,,Solomon / Israel,Prayer;Presence,False,1
283,The eyes of the LORD run to and fro throughout the whole earth to show Himself strong on behalf of those whose heart is loyal to Him,2 Chronicles 16:9,2 Chronicles,16,9,9,God,through Hanani,All whose hearts are loyal,Strength;Presence,True,1
284,"The battle is not yours but God's; you will not need to fight — position yourselves, stand still, and see the salvation of the LORD",2 Chronicles 20:15-17,2 Chronicles,20,15,17,God,through Jahaziel,Jehoshaphat / Judah,Victory;Deliverance,False,1
285,"If you return to the LORD, your brethren will find compassion, and He will not turn His face from you, for He is gracious and merciful",2 Chronicles 30:9,2 Chronicles,30,9,9,God,through Hezekiah's proclamation,Israel,Mercy;Restoration,True,1
286,"When Manasseh humbled himself greatly and prayed, God received his entreaty and restored him to his kingdom",2 Chronicles 33:12-13,2 Chronicles,33,12,13,God,demonstrated,Manasseh,Mercy;Restoration,True,1
287,The LORD stirred Cyrus to fulfill the word by Jeremiah: the house of the LORD shall be built at Jerusalem,Ezra 1:1-2,Ezra,1,1,2,God,through Cyrus's decree,Judah,Restoration;Faithfulness,False,1
288,"If you return to Me and keep My commandments, though you were cast to the farthest heavens, I will gather you to the place I have chosen",Nehemiah 1:8-9,Nehemiah,1,8,9,God,recalled by Nehemiah,Israel,Restoration,True,1
289,"God will deliver you in six troubles, and in seven no evil shall touch you — famine, war, the tongue, destruction, and beasts",Job 5:19-26,Job,5,19,26,God,"through Eliphaz, affirmed truth",The righteous,Protection;Deliverance,True,1
290,I know that my Redeemer lives and shall stand at last on the earth; in my flesh I shall see God,Job 19:25-26,Job,19,25,26,God,through Job's confession of divine promise,Job / Believers,Redemption;Resurrection,False,1
291,"The LORD restored Job's losses when he prayed for his friends, and gave him twice as much as he had before",Job 42:10,Job,42,10,10,God,demonstrated,Job,Restoration,False,1
292,The one who delights in God's law shall be like a tree planted by rivers of water; whatever he does shall prosper,Psalm 1:3,Psalm,1,3,3,God,through the psalmist,The righteous,Blessing,True,1
293,"The LORD knows the way of the righteous, but the way of the ungodly shall perish",Psalm 1:6,Psalm,1,6,6,God,through the psalmist,The righteous,Faithfulness;Judgment,False,1
294,"You are My Son; ask of Me, and I will give You the nations for Your inheritance and the ends of the earth for Your possession",Psalm 2:7-8,Psalm,2,7,8,God the Father,,The Messiah (the Son),Messiah;Kingdom,False,1
295,Blessed are all those who put their trust in the Son,Psalm 2:12,Psalm,2,12,12,God,through the psalmist,All who trust Him,Blessing,True,1
296,"I will lie down in peace and sleep, for You alone, O LORD, make me dwell in safety",Psalm 4:8,Psalm,4,8,8,God,through David,The trusting,Peace;Protection,False,1
297,"You, O LORD, will bless the righteous; with favor You will surround him as with a shield",Psalm 5:12,Psalm,5,12,12,God,through David,The righteous,Blessing;Protection,True,2
298,"The LORD will be a refuge for the oppressed, a refuge in times of trouble",Psalm 9:9,Psalm,9,9,9,God,through David,The oppressed,Refuge,False,2
299,"Those who know Your name will put their trust in You, for You have not forsaken those who seek You",Psalm 9:10,Psalm,9,10,10,God,through David,Those who seek Him,Faithfulness,True,1
300,"LORD, You have heard the desire of the humble; You will prepare their heart and cause Your ear to hear, to do justice to the fatherless and the oppressed",Psalm 10:17-18,Psalm,10,17,18,God,through David,The humble / The fatherless,Prayer;Justice,False,2
301,"For the oppression of the poor and the sighing of the needy, now I will arise; I will set him in the safety for which he yearns",Psalm 12:5,Psalm,12,5,5,God,,The poor and needy,Deliverance;Justice,False,2
302,"You will not leave My soul in Sheol, nor allow Your Holy One to see corruption",Psalm 16:10,Psalm,16,10,10,God,through David,The Messiah,Resurrection,False,1
303,You will show me the path of life; in Your presence is fullness of joy; at Your right hand are pleasures forevermore,Psalm 16:11,Psalm,16,11,11,God,through David,Believers,Life;Joy,False,1
304,"The LORD is my rock, fortress, deliverer, strength, shield, horn of salvation, and stronghold",Psalm 18:2,Psalm,18,2,2,God,through David,Those who trust Him,Protection,False,1
305,"He has not despised nor abhorred the affliction of the afflicted, nor hidden His face from Him; when He cried, He heard",Psalm 22:24,Psalm,22,24,24,God,through David,The afflicted,Prayer;Compassion,False,2
306,All the ends of the world shall remember and turn to the LORD; all families of the nations shall worship before Him,Psalm 22:27,Psalm,22,27,27,God,through David,All nations,Kingdom;Salvation,False,1
307,The LORD is my shepherd; I shall not want,Psalm 23:1,Psalm,23,1,1,God,through David,His sheep,Provision;Presence,False,1
308,"Even through the valley of the shadow of death, You are with me; Your rod and staff comfort me",Psalm 23:4,Psalm,23,4,4,God,through David,His sheep,Presence;Comfort,False,1
309,"Surely goodness and mercy shall follow me all the days of my life, and I will dwell in the house of the LORD forever",Psalm 23:6,Psalm,23,6,6,God,through David,His sheep,Mercy;Eternal Life,False,1
310,He who has clean hands and a pure heart shall receive blessing from the LORD and righteousness from the God of his salvation,Psalm 24:5,Psalm,24,5,5,God,through David,The pure in heart,Blessing;Righteousness,True,2
311,"The humble He guides in justice, and the humble He teaches His way",Psalm 25:9,Psalm,25,9,9,God,through David,The humble,Guidance;Wisdom,True,1
312,"When my father and mother forsake me, then the LORD will take care of me",Psalm 27:10,Psalm,27,10,10,God,through David,The forsaken,Faithfulness;Comfort,False,1
313,"The LORD is the strength of His people, and He is the saving refuge of His anointed",Psalm 28:8,Psalm,28,8,8,God,through David,His people,Strength;Refuge,False,2
314,The LORD will give strength to His people; the LORD will bless His people with peace,Psalm 29:11,Psalm,29,11,11,God,through David,His people,Strength;Peace,False,2
315,"His anger is but for a moment, His favor for life; weeping may endure for a night, but joy comes in the morning",Psalm 30:5,Psalm,30,5,5,God,through David,His people,Comfort;Joy,False,1
316,"Oh, how great is Your goodness, which You have laid up for those who fear You, which You have prepared for those who trust in You",Psalm 31:19,Psalm,31,19,19,God,through David,Those who fear Him,Goodness;Reward,True,2
317,"The LORD preserves the faithful; be of good courage, and He shall strengthen your heart, all you who hope in the LORD",Psalm 31:23-24,Psalm,31,23,24,God,through David,The faithful,Preservation;Strength,True,2
318,I will instruct you and teach you in the way you should go; I will guide you with My eye,Psalm 32:8,Psalm,32,8,8,God,,David / Believers,Guidance;Wisdom,False,1
319,"Many sorrows shall be to the wicked, but he who trusts in the LORD, mercy shall surround him",Psalm 32:10,Psalm,32,10,10,God,through David,The trusting,Mercy,True,2
320,"The eye of the LORD is on those who fear Him, on those who hope in His mercy, to deliver their soul from death and keep them alive in famine",Psalm 33:18-19,Psalm,33,18,19,God,through the psalmist,Those who fear Him,Deliverance;Provision,True,2
321,"The angel of the LORD encamps all around those who fear Him, and delivers them",Psalm 34:7,Psalm,34,7,7,God,through David,Those who fear Him,Protection;Deliverance,True,1
322,"Oh, taste and see that the LORD is good; blessed is the man who trusts in Him",Psalm 34:8,Psalm,34,8,8,God,through David,The trusting,Blessing;Goodness,True,2
323,Those who seek the LORD shall not lack any good thing,Psalm 34:10,Psalm,34,10,10,God,through David,Those who seek Him,Provision,True,1
324,"The eyes of the LORD are on the righteous, and His ears are open to their cry",Psalm 34:15,Psalm,34,15,15,God,through David,The righteous,Prayer;Presence,True,2
325,"The righteous cry out, and the LORD hears and delivers them out of all their troubles",Psalm 34:17,Psalm,34,17,17,God,through David,The righteous,Prayer;Deliverance,True,1
326,"The LORD is near to those who have a broken heart, and saves such as have a contrite spirit",Psalm 34:18,Psalm,34,18,18,God,through David,The brokenhearted,Comfort;Presence,False,1
327,"Many are the afflictions of the righteous, but the LORD delivers him out of them all",Psalm 34:19,Psalm,34,19,19,God,through David,The righteous,Deliverance,False,1
328,"The LORD redeems the soul of His servants, and none of those who trust in Him shall be condemned",Psalm 34:22,Psalm,34,22,22,God,through David,His servants,Redemption,True,1
329,"The children of men put their trust under the shadow of Your wings; they are abundantly satisfied; You give them drink from the river of Your pleasures, for with You is the fountain of life",Psalm 36:7-9,Psalm,36,7,9,God,through David,Those who take refuge,Provision;Life,True,2
330,"Delight yourself in the LORD, and He shall give you the desires of your heart",Psalm 37:4,Psalm,37,4,4,God,through David,Believers,Blessing,True,1
331,"Commit your way to the LORD, trust also in Him, and He shall bring it to pass",Psalm 37:5,Psalm,37,5,5,God,through David,Believers,Faithfulness,True,1
332,"Those who wait on the LORD, they shall inherit the earth",Psalm 37:9,Psalm,37,9,9,God,through David,Those who wait,Inheritance,True,2
333,The meek shall inherit the earth and delight themselves in the abundance of peace,Psalm 37:11,Psalm,37,11,11,God,through David,The meek,Inheritance;Peace,False,1
334,The LORD upholds the righteous,Psalm 37:17,Psalm,37,17,17,God,through David,The righteous,Strength,False,2
335,"The steps of a good man are ordered by the LORD; though he fall, he shall not be utterly cast down, for the LORD upholds him",Psalm 37:23-24,Psalm,37,23,24,God,through David,The righteous,Guidance;Strength,False,1
336,"I have never seen the righteous forsaken, nor his descendants begging bread",Psalm 37:25,Psalm,37,25,25,God,through David's testimony,The righteous,Provision,False,1
337,The LORD loves justice and does not forsake His saints; they are preserved forever,Psalm 37:28,Psalm,37,28,28,God,through David,His saints,Preservation;Justice,False,2
338,"Wait on the LORD and keep His way, and He shall exalt you to inherit the land",Psalm 37:34,Psalm,37,34,34,God,through David,Those who wait,Exaltation;Inheritance,True,2
339,"The salvation of the righteous is from the LORD; He is their strength in time of trouble; the LORD shall help them and deliver them, because they trust in Him",Psalm 37:39-40,Psalm,37,39,40,God,through David,The righteous,Salvation;Deliverance,True,2
340,"Blessed is he who considers the poor: the LORD will deliver him in trouble, preserve him, keep him alive, and strengthen him on his sickbed",Psalm 41:1-3,Psalm,41,1,3,God,through David,Those who help the poor,Deliverance;Healing,True,1
341,"God is our refuge and strength, a very present help in trouble",Psalm 46:1,Psalm,46,1,1,God,through the sons of Korah,His people,Refuge;Strength,False,1
342,"This is God, our God forever and ever; He will be our guide even to death",Psalm 48:14,Psalm,48,14,14,God,through the sons of Korah,His people,Guidance,False,2
343,"Call upon Me in the day of trouble; I will deliver you, and you shall glorify Me",Psalm 50:15,Psalm,50,15,15,God,,His people,Prayer;Deliverance,True,1
344,"A broken and a contrite heart, O God, You will not despise",Psalm 51:17,Psalm,51,17,17,God,through David,The repentant,Mercy,False,1
345,"Cast your burden on the LORD, and He shall sustain you; He shall never permit the righteous to be moved",Psalm 55:22,Psalm,55,22,22,God,through David,The righteous,Strength;Faithfulness,True,1
346,"You number my wanderings; put my tears into Your bottle — when I cry out to You, then my enemies will turn back; this I know, because God is for me",Psalm 56:8-9,Psalm,56,8,9,God,through David,The pursued,Compassion;Victory,False,2
347,"I will cry out to God Most High, to God who performs all things for me",Psalm 57:2,Psalm,57,2,2,God,through David,Believers,Faithfulness,False,2
348,"O You who hear prayer, to You all flesh will come",Psalm 65:2,Psalm,65,2,2,God,through David,All flesh,Prayer,False,2
349,"A father of the fatherless, a defender of widows, is God in His holy habitation; God sets the solitary in families and brings out those who are bound into prosperity",Psalm 68:5-6,Psalm,68,5,6,God,through David,The fatherless / Widows / The lonely,Compassion;Family,False,2
350,"You who seek God, your hearts shall live, for the LORD hears the poor and does not despise His prisoners",Psalm 69:32-33,Psalm,69,32,33,God,through David,Seekers / The poor,Life;Prayer,True,2
351,"He shall have dominion from sea to sea, and from the River to the ends of the earth",Psalm 72:8,Psalm,72,8,8,God,through Solomon's psalm,The Messianic King,Messiah;Kingdom,False,2
352,All kings shall fall down before Him; all nations shall serve Him,Psalm 72:11,Psalm,72,11,11,God,through Solomon's psalm,The Messianic King / Nations,Messiah;Kingdom,False,2
353,"His name shall endure forever, as long as the sun; and men shall be blessed in Him; all nations shall call Him blessed",Psalm 72:17,Psalm,72,17,17,God,through Solomon's psalm,All nations,Messiah;Blessing,False,2
354,"Nevertheless I am continually with You; You hold me by my right hand; You will guide me with Your counsel, and afterward receive me to glory",Psalm 73:23-24,Psalm,73,23,24,God,through Asaph,Believers,Presence;Glory,False,2
355,"I am the LORD your God who brought you out of Egypt; open your mouth wide, and I will fill it",Psalm 81:10,Psalm,81,10,10,God,,Israel,Provision,True,2
356,"Oh, that My people would listen to Me! I would soon subdue their enemies and feed them with the finest of wheat and honey from the rock",Psalm 81:13-16,Psalm,81,13,16,God,,Israel,Victory;Provision,True,2
357,Blessed is the man whose strength is in You; they go from strength to strength; each one appears before God in Zion,Psalm 84:5-7,Psalm,84,5,7,God,through the sons of Korah,Pilgrims of God,Strength,True,2
358,The LORD is a sun and shield; He will give grace and glory; no good thing will He withhold from those who walk uprightly,Psalm 84:11,Psalm,84,11,11,God,through the psalmist,The upright,Grace;Provision,True,1
359,"He will speak peace to His people and to His saints; surely His salvation is near to those who fear Him, that glory may dwell in our land",Psalm 85:8-9,Psalm,85,8,9,God,through the sons of Korah,His saints,Peace;Salvation,True,2
360,"You, Lord, are good, and ready to forgive, and abundant in mercy to all those who call upon You",Psalm 86:5,Psalm,86,5,5,God,through David,All who call,Forgiveness;Mercy,True,2
361,I have made a covenant with My chosen; your seed I will establish forever and build up your throne to all generations,Psalm 89:3-4,Psalm,89,3,4,God,,David,Covenant;Kingdom,False,1
362,"My mercy I will keep for him forever; his seed shall endure forever, and his throne as the days of heaven",Psalm 89:28-29,Psalm,89,28,29,God,,David / Messiah,Mercy;Kingdom,False,1
363,"My lovingkindness I will not utterly take from him, nor allow My faithfulness to fail; My covenant I will not break",Psalm 89:33-34,Psalm,89,33,34,God,,David's line,Faithfulness;Covenant,False,1
364,"Let the beauty of the LORD our God be upon us, and establish the work of our hands",Psalm 90:17,Psalm,90,17,17,God,through Moses' prayer,God's servants,Blessing,True,2
365,"He shall deliver you from the snare of the fowler and the perilous pestilence; a thousand may fall at your side, but it shall not come near you",Psalm 91:3-7,Psalm,91,3,7,God,through the psalmist,Those who dwell in His shelter,Protection,True,1
366,"He shall give His angels charge over you, to keep you in all your ways",Psalm 91:11,Psalm,91,11,11,God,through the psalmist,Those who abide in Him,Protection,True,1
367,"Because he has set his love upon Me, I will deliver him, set him on high, answer him, be with him in trouble, and honor him",Psalm 91:14-15,Psalm,91,14,15,God,,The one who loves Him,Deliverance;Presence,True,1
368,With long life I will satisfy him and show him My salvation,Psalm 91:16,Psalm,91,16,16,God,,The one who loves Him,Life;Salvation,True,1
369,The righteous shall flourish like a palm tree; those planted in the house of the LORD shall still bear fruit in old age,Psalm 92:12-14,Psalm,92,12,14,God,through the psalmist,The righteous,Fruitfulness;Blessing,True,2
370,"The LORD will not cast off His people, nor will He forsake His inheritance",Psalm 94:14,Psalm,94,14,14,God,through the psalmist,His people,Faithfulness,False,1
371,"He is coming to judge the earth; He shall judge the world with righteousness, and the peoples with His truth",Psalm 96:13,Psalm,96,13,13,God,through the psalmist,All the earth,Judgment;Justice,False,2
372,"He preserves the souls of His saints; He delivers them out of the hand of the wicked; light is sown for the righteous, and gladness for the upright in heart",Psalm 97:10-11,Psalm,97,10,11,God,through the psalmist,His saints,Preservation;Joy,False,2
373,"The LORD is good; His mercy is everlasting, and His truth endures to all generations",Psalm 100:5,Psalm,100,5,5,God,through the psalmist,All generations,Mercy;Faithfulness,False,2
374,The LORD shall build up Zion; He shall appear in His glory; He shall regard the prayer of the destitute and shall not despise their prayer,Psalm 102:16-17,Psalm,102,16,17,God,through the psalmist,Zion / The destitute,Restoration;Prayer,False,2
375,"The heavens will perish, but You will endure; the children of Your servants will continue, and their descendants will be established before You",Psalm 102:25-28,Psalm,102,25,28,God,through the psalmist,His servants' children,Faithfulness;Continuity,False,2
376,He forgives all your iniquities and heals all your diseases,Psalm 103:3,Psalm,103,3,3,God,through David,His people,Mercy;Healing,False,1
377,"The LORD is merciful and gracious, slow to anger, and abounding in mercy; He will not always strive with us, nor keep His anger forever",Psalm 103:8-9,Psalm,103,8,9,God,through David,His people,Mercy,False,2
378,"As the heavens are high above the earth, so great is His mercy toward those who fear Him",Psalm 103:11,Psalm,103,11,11,God,through David,Those who fear Him,Mercy,True,2
379,"As far as the east is from the west, so far has He removed our transgressions from us",Psalm 103:12,Psalm,103,12,12,God,through David,Those who fear Him,Forgiveness,False,1
380,"As a father pities his children, so the LORD pities those who fear Him; for He knows our frame; He remembers that we are dust",Psalm 103:13-14,Psalm,103,13,14,God,through David,Those who fear Him,Compassion,True,2
381,"The mercy of the LORD is from everlasting to everlasting on those who fear Him, and His righteousness to children's children",Psalm 103:17,Psalm,103,17,17,God,through David,Those who fear Him,Mercy,True,1
382,"He remembers His covenant forever, the word which He commanded, for a thousand generations",Psalm 105:8,Psalm,105,8,8,God,through the psalmist,Covenant people,Covenant;Faithfulness,False,2
383,"He satisfies the longing soul, and fills the hungry soul with goodness",Psalm 107:9,Psalm,107,9,9,God,through the psalmist,The longing,Satisfaction,False,2
384,"They cry out to the LORD in their trouble, and He saves them out of their distresses; He sent His word and healed them",Psalm 107:19-20,Psalm,107,19,20,God,through the psalmist,The distressed,Deliverance;Healing,True,2
385,"The LORD said to my Lord, Sit at My right hand, till I make Your enemies Your footstool",Psalm 110:1,Psalm,110,1,1,God the Father,,The Messiah,Messiah;Victory,False,1
386,The LORD has sworn and will not relent: You are a priest forever according to the order of Melchizedek,Psalm 110:4,Psalm,110,4,4,God,by oath,The Messiah,Priesthood;Messiah,False,1
387,He gives food to those who fear Him; He will ever be mindful of His covenant,Psalm 111:5,Psalm,111,5,5,God,through the psalmist,Those who fear Him,Provision;Covenant,True,2
388,"Blessed is the man who fears the LORD; his descendants will be mighty on earth; wealth and riches will be in his house, and his righteousness endures forever",Psalm 112:1-3,Psalm,112,1,3,God,through the psalmist,The God-fearing,Blessing;Family,True,2
389,Unto the upright there arises light in the darkness,Psalm 112:4,Psalm,112,4,4,God,through the psalmist,The upright,Light;Hope,True,2
390,"He will not be afraid of evil tidings; his heart is steadfast, trusting in the LORD",Psalm 112:7,Psalm,112,7,7,God,through the psalmist,The trusting,Peace,True,2
391,"He raises the poor out of the dust and lifts the needy out of the ash heap, to seat him with princes; He grants the barren woman a home, like a joyful mother of children",Psalm 113:7-9,Psalm,113,7,9,God,through the psalmist,The poor / The barren,Exaltation;Family,False,2
392,"The LORD has been mindful of us; He will bless us — He will bless the house of Israel and the house of Aaron; He will bless those who fear the LORD, both small and great",Psalm 115:12-13,Psalm,115,12,13,God,through the psalmist,Israel / All who fear Him,Blessing,False,2
393,Precious in the sight of the LORD is the death of His saints,Psalm 116:15,Psalm,116,15,15,God,through the psalmist,His saints,Comfort;Honor,False,2
394,The stone which the builders rejected has become the chief cornerstone; this was the LORD's doing,Psalm 118:22-23,Psalm,118,22,23,God,through the psalmist,Israel / The Messiah,Messiah,False,2
395,"Great peace have those who love Your law, and nothing causes them to stumble",Psalm 119:165,Psalm,119,165,165,God,through the psalmist,Those who love His law,Peace,True,2
396,He will not allow your foot to be moved; He who keeps you will not slumber,Psalm 121:3-4,Psalm,121,3,4,God,through the psalmist,His people,Protection,False,1
397,"The LORD is your keeper; the LORD is your shade at your right hand; the sun shall not strike you by day, nor the moon by night",Psalm 121:5-6,Psalm,121,5,6,God,through the psalmist,His people,Protection,False,2
398,"The LORD shall preserve you from all evil; He shall preserve your soul, your going out and coming in, from this time forth and forevermore",Psalm 121:7-8,Psalm,121,7,8,God,through the psalmist,His people,Protection,False,1
399,"Those who trust in the LORD are like Mount Zion, which cannot be moved; as the mountains surround Jerusalem, so the LORD surrounds His people from this time forth and forever",Psalm 125:1-2,Psalm,125,1,2,God,through the psalmist,The trusting,Security;Protection,True,2
400,"Those who sow in tears shall reap in joy; he who goes forth weeping shall doubtless come again with rejoicing, bringing his sheaves",Psalm 126:5-6,Psalm,126,5,6,God,through the psalmist,The sowing / weeping,Joy;Harvest,False,1
401,He gives His beloved sleep,Psalm 127:2,Psalm,127,2,2,God,through Solomon,His beloved,Rest,False,2
402,"Blessed is every one who fears the LORD; you shall eat the labor of your hands; your wife shall be like a fruitful vine, your children like olive plants around your table",Psalm 128:1-4,Psalm,128,1,4,God,through the psalmist,The God-fearing,Blessing;Family,True,2
403,"With the LORD there is mercy, and with Him is abundant redemption; He shall redeem Israel from all his iniquities",Psalm 130:7-8,Psalm,130,7,8,God,through the psalmist,Israel / The hoping,Redemption;Mercy,False,2
404,The LORD has sworn in truth to David: I will set upon your throne the fruit of your body,Psalm 132:11,Psalm,132,11,11,God,by oath,David,Messiah;Kingdom,False,1
405,The LORD has chosen Zion; this is My resting place forever; here I will dwell,Psalm 132:13-14,Psalm,132,13,14,God,,Zion,Presence,False,1
406,I will abundantly bless her provision; I will satisfy her poor with bread; I will also clothe her priests with salvation,Psalm 132:15-16,Psalm,132,15,16,God,,Zion,Provision;Salvation,False,2
407,There I will make the horn of David grow; I will prepare a lamp for My Anointed,Psalm 132:17-18,Psalm,132,17,18,God,,David / The Messiah,Messiah;Kingdom,False,2
408,There the LORD commanded the blessing — life forevermore,Psalm 133:3,Psalm,133,3,3,God,through David,Brethren in unity,Blessing;Life,True,2
409,"The LORD will judge His people, and He will have compassion on His servants",Psalm 135:14,Psalm,135,14,14,God,through the psalmist,His servants,Justice;Compassion,False,2
410,"The LORD will perfect that which concerns me; Your mercy, O LORD, endures forever",Psalm 138:8,Psalm,138,8,8,God,through David,Believers,Faithfulness,False,1
411,"If I take the wings of the morning and dwell in the uttermost parts of the sea, even there Your hand shall lead me, and Your right hand shall hold me",Psalm 139:9-10,Psalm,139,9,10,God,through David,Believers,Presence;Guidance,False,2
412,"I know that the LORD will maintain the cause of the afflicted, and justice for the poor",Psalm 140:12,Psalm,140,12,12,God,through David,The afflicted / The poor,Justice,False,2
413,"The LORD is good to all, and His tender mercies are over all His works",Psalm 145:9,Psalm,145,9,9,God,through David,All His works,Goodness;Mercy,False,2
414,"The LORD upholds all who fall, and raises up all who are bowed down",Psalm 145:14,Psalm,145,14,14,God,through David,The fallen,Strength;Restoration,False,2
415,You open Your hand and satisfy the desire of every living thing,Psalm 145:16,Psalm,145,16,16,God,through David,All living things,Provision,False,2
416,"The LORD is near to all who call upon Him in truth; He will fulfill the desire of those who fear Him, hear their cry, and save them",Psalm 145:18-19,Psalm,145,18,19,God,through David,Those who call on Him,Prayer;Salvation,True,1
417,"The LORD preserves all who love Him, but all the wicked He will destroy",Psalm 145:20,Psalm,145,20,20,God,through David,Those who love Him,Preservation;Judgment,True,2
418,"The LORD executes justice for the oppressed, gives food to the hungry, gives freedom to the prisoners, opens the eyes of the blind, raises those who are bowed down, loves the righteous, watches over the strangers, and relieves the fatherless and widow",Psalm 146:7-9,Psalm,146,7,9,God,through the psalmist,The oppressed / The vulnerable,Justice;Provision;Healing,False,2
419,He heals the brokenhearted and binds up their wounds,Psalm 147:3,Psalm,147,3,3,God,through the psalmist,The brokenhearted,Healing;Comfort,False,1
420,The LORD lifts up the humble; He casts the wicked down to the ground,Psalm 147:6,Psalm,147,6,6,God,through the psalmist,The humble,Exaltation;Justice,False,2
421,"The LORD takes pleasure in those who fear Him, in those who hope in His mercy",Psalm 147:11,Psalm,147,11,11,God,through the psalmist,Those who hope in Him,Favor,True,2
422,The LORD takes pleasure in His people; He will beautify the humble with salvation,Psalm 149:4,Psalm,149,4,4,God,through the psalmist,The humble,Salvation;Favor,True,2
423,Turn at my rebuke; surely I will pour out my spirit on you; I will make my words known to you,Proverbs 1:23,Proverbs,1,23,23,God,Wisdom personified,The simple,Holy Spirit;Wisdom,True,1
424,"Whoever listens to me will dwell safely and be secure, without fear of evil",Proverbs 1:33,Proverbs,1,33,33,God,Wisdom personified,The listening,Peace;Protection,True,1
425,The LORD gives wisdom; from His mouth come knowledge and understanding; He is a shield to those who walk uprightly,Proverbs 2:6-7,Proverbs,2,6,7,God,through Solomon,The upright,Wisdom;Protection,True,1
426,"Trust in the LORD with all your heart; in all your ways acknowledge Him, and He shall direct your paths",Proverbs 3:5-6,Proverbs,3,5,6,God,through Solomon,Believers,Guidance,True,1
427,Honor the LORD with your possessions and the firstfruits of your increase; so your barns will be filled with plenty,Proverbs 3:9-10,Proverbs,3,9,10,God,through Solomon,The generous,Provision,True,1
428,"When you lie down, you will not be afraid; your sleep will be sweet",Proverbs 3:24,Proverbs,3,24,24,God,through Solomon,Those who keep wisdom,Peace,True,1
429,"The curse of the LORD is on the house of the wicked, but He blesses the home of the just",Proverbs 3:33,Proverbs,3,33,33,God,through Solomon,The just / The wicked,Blessing;Judgment,True,1
430,"I love those who love me, and those who seek me diligently will find me",Proverbs 8:17,Proverbs,8,17,17,God,Wisdom personified,Seekers,Wisdom,True,1
431,"Whoever finds me finds life, and obtains favor from the LORD",Proverbs 8:35,Proverbs,8,35,35,God,Wisdom personified,Seekers of wisdom,Life;Grace,True,1
432,"The LORD will not allow the righteous soul to famish, but He casts away the desire of the wicked",Proverbs 10:3,Proverbs,10,3,3,God,through Solomon,The righteous,Provision,True,1
433,"The LORD is far from the wicked, but He hears the prayer of the righteous",Proverbs 15:29,Proverbs,15,29,29,God,through Solomon,The righteous,Prayer,True,1
434,"When a man's ways please the LORD, He makes even his enemies to be at peace with him",Proverbs 16:7,Proverbs,16,7,7,God,through Solomon,The obedient,Peace,True,1
435,The name of the LORD is a strong tower; the righteous run to it and are safe,Proverbs 18:10,Proverbs,18,10,10,God,through Solomon,The righteous,Refuge;Protection,True,1
436,By humility and the fear of the LORD are riches and honor and life,Proverbs 22:4,Proverbs,22,4,4,God,through Solomon,The humble,Blessing;Life,True,1
437,"He who covers his sins will not prosper, but whoever confesses and forsakes them will have mercy",Proverbs 28:13,Proverbs,28,13,13,God,through Solomon,The repentant,Mercy,True,1
438,Every word of God is pure; He is a shield to those who put their trust in Him,Proverbs 30:5,Proverbs,30,5,5,God,through Agur,Those who trust Him,Protection;Faithfulness,True,1
439,"Though a sinner does evil a hundred times, it will be well with those who fear God",Ecclesiastes 8:12,Ecclesiastes,8,12,12,God,through the Preacher,Those who fear God,Blessing,True,1
440,"God will bring every work into judgment, including every secret thing, whether good or evil",Ecclesiastes 12:14,Ecclesiastes,12,14,14,God,through the Preacher,All humanity,Judgment;Justice,False,1
441,"Though your sins are like scarlet, they shall be as white as snow; though red like crimson, they shall be as wool",Isaiah 1:18,Isaiah,1,18,18,God,,Judah / The repentant,Forgiveness;Mercy,True,1
442,"If you are willing and obedient, you shall eat the good of the land",Isaiah 1:19,Isaiah,1,19,19,God,,Judah,Provision,True,1
443,"In the latter days the mountain of the LORD's house shall be established above all; all nations shall flow to it, and the law shall go forth from Zion",Isaiah 2:2-3,Isaiah,2,2,3,God,through Isaiah,All nations,Kingdom;Eschatology,False,1
444,He shall judge between the nations; they shall beat their swords into plowshares; nation shall not lift up sword against nation anymore,Isaiah 2:4,Isaiah,2,4,4,God,through Isaiah,All nations,Peace;Kingdom,False,1
445,The Branch of the LORD shall be beautiful and glorious; the LORD will create over Zion a cloud by day and flaming fire by night — a shelter and refuge,Isaiah 4:2-6,Isaiah,4,2,6,God,through Isaiah,Zion's remnant,Messiah;Protection,False,1
446,"Behold, this has touched your lips; your iniquity is taken away, and your sin purged",Isaiah 6:7,Isaiah,6,7,7,God,through the seraph,Isaiah,Forgiveness;Cleansing,False,2
447,"The Lord Himself will give a sign: the virgin shall conceive and bear a Son, and shall call His name Immanuel",Isaiah 7:14,Isaiah,7,14,14,God,,House of David,Messiah,False,1
448,"Unto us a Child is born, a Son is given; the government will be upon His shoulder — Wonderful, Counselor, Mighty God, Everlasting Father, Prince of Peace",Isaiah 9:6,Isaiah,9,6,6,God,through Isaiah,Israel / All nations,Messiah,False,1
449,"Of the increase of His government and peace there will be no end, upon the throne of David; the zeal of the LORD of hosts will perform this",Isaiah 9:7,Isaiah,9,7,7,God,through Isaiah,Israel / All nations,Messiah;Kingdom,False,1
450,"In that day his burden will be taken away from your shoulder, and the yoke will be destroyed because of the anointing oil",Isaiah 10:27,Isaiah,10,27,27,God,through Isaiah,Israel,Deliverance,False,2
451,"A Rod shall come from the stem of Jesse; the Spirit of the LORD shall rest upon Him — wisdom, understanding, counsel, might, knowledge, and the fear of the LORD",Isaiah 11:1-2,Isaiah,11,1,2,God,through Isaiah,Israel / Messiah,Messiah;Holy Spirit,False,1
452,"The wolf shall dwell with the lamb; they shall not hurt nor destroy in all My holy mountain, for the earth shall be full of the knowledge of the LORD",Isaiah 11:6-9,Isaiah,11,6,9,God,through Isaiah,All creation,New Creation;Peace,False,1
453,"The Root of Jesse shall stand as a banner to the peoples; the Gentiles shall seek Him, and the LORD will recover the remnant of His people a second time",Isaiah 11:10-12,Isaiah,11,10,12,God,through Isaiah,Israel / Gentiles,Messiah;Restoration,False,1
454,"Behold, God is my salvation; I will trust and not be afraid, for the LORD is my strength and song",Isaiah 12:2,Isaiah,12,2,2,God,through Isaiah,The redeemed,Salvation;Strength,False,1
455,"The LORD will have mercy on Jacob, still choose Israel, and settle them in their own land",Isaiah 14:1,Isaiah,14,1,1,God,through Isaiah,Israel,Mercy;Restoration,False,1
456,"The LORD of hosts has sworn: as I have purposed, so it shall stand — I will break the Assyrian in My land",Isaiah 14:24-25,Isaiah,14,24,25,God,by oath,Judah,Judgment;Deliverance,False,2
457,"The LORD will strike Egypt — striking and healing; they will return to the LORD, and He will be entreated by them and heal them",Isaiah 19:22,Isaiah,19,22,22,God,through Isaiah,Egypt,Healing;Restoration,False,2
458,"In that day Israel will be one of three with Egypt and Assyria — a blessing in the midst of the land, whom the LORD of hosts shall bless: Blessed is Egypt My people, Assyria the work of My hands, and Israel My inheritance",Isaiah 19:24-25,Isaiah,19,24,25,God,,Egypt / Assyria / Israel,Blessing;Nations,False,2
459,"In this mountain the LORD of hosts will make for all people a feast of choice pieces, of well-refined wines",Isaiah 25:6,Isaiah,25,6,6,God,through Isaiah,All peoples,Provision;Kingdom,False,2
460,"He will swallow up death forever, and the Lord GOD will wipe away tears from all faces",Isaiah 25:8,Isaiah,25,8,8,God,through Isaiah,All His people,Resurrection;Comfort,False,1
461,"It will be said in that day: Behold, this is our God; we have waited for Him, and He will save us; we will be glad and rejoice in His salvation",Isaiah 25:9,Isaiah,25,9,9,God,through Isaiah,Those who wait,Salvation;Joy,False,2
462,"You will keep him in perfect peace whose mind is stayed on You, because he trusts in You",Isaiah 26:3,Isaiah,26,3,3,God,through Isaiah,The trusting,Peace,True,1
463,"LORD, You will establish peace for us, for You have also done all our works in us",Isaiah 26:12,Isaiah,26,12,12,God,through Isaiah,His people,Peace,False,2
464,Your dead shall live; together with my dead body they shall arise; the earth shall cast out the dead,Isaiah 26:19,Isaiah,26,19,19,God,through Isaiah,God's people,Resurrection,False,1
465,"A vineyard of red wine — I, the LORD, keep it; I water it every moment; lest any hurt it, I keep it night and day",Isaiah 27:2-3,Isaiah,27,2,3,God,,His vineyard (Israel),Protection;Care,False,2
466,"Israel shall blossom and bud, and fill the face of the world with fruit",Isaiah 27:6,Isaiah,27,6,6,God,through Isaiah,Israel,Fruitfulness,False,2
467,"You will be gathered one by one, O you children of Israel; the great trumpet will be blown, and they will come and worship the LORD in the holy mount at Jerusalem",Isaiah 27:12-13,Isaiah,27,12,13,God,through Isaiah,Israel's outcasts,Restoration;Worship,False,2
468,"Behold, I lay in Zion a stone for a foundation, a tried stone, a precious cornerstone; whoever believes will not act hastily",Isaiah 28:16,Isaiah,28,16,16,God,,Zion / Believers,Messiah;Salvation,False,1
469,"In that day the deaf shall hear the words of the book, and the eyes of the blind shall see out of obscurity; the humble shall increase their joy in the LORD",Isaiah 29:18-19,Isaiah,29,18,19,God,through Isaiah,The deaf / The blind / The humble,Healing;Joy,False,2
470,In returning and rest you shall be saved; in quietness and confidence shall be your strength,Isaiah 30:15,Isaiah,30,15,15,God,,Judah,Salvation;Strength,True,2
471,"Therefore the LORD will wait, that He may be gracious to you; He will be exalted, that He may have mercy on you; blessed are all those who wait for Him",Isaiah 30:18,Isaiah,30,18,18,God,through Isaiah,Those who wait,Grace;Mercy,True,2
472,"You shall weep no more; He will be very gracious to you at the sound of your cry; when He hears it, He will answer you",Isaiah 30:19,Isaiah,30,19,19,God,through Isaiah,Zion,Mercy;Prayer,False,1
473,"Your ears shall hear a word behind you saying, This is the way, walk in it",Isaiah 30:21,Isaiah,30,21,21,God,through Isaiah,God's people,Guidance,False,1
474,"He will give the rain for your seed, and bread of the increase of the earth; it will be fat and plentiful",Isaiah 30:23,Isaiah,30,23,23,God,through Isaiah,Judah,Provision,False,2
475,"Like birds flying about, so will the LORD of hosts defend Jerusalem — defending, He will deliver it; passing over, He will preserve it",Isaiah 31:5,Isaiah,31,5,5,God,through Isaiah,Jerusalem,Protection;Deliverance,False,2
476,"Until the Spirit is poured upon us from on high, and the wilderness becomes a fruitful field",Isaiah 32:15,Isaiah,32,15,15,God,through Isaiah,Israel,Holy Spirit;Restoration,False,2
477,"The work of righteousness will be peace, and the effect of righteousness quietness and assurance forever",Isaiah 32:17,Isaiah,32,17,17,God,through Isaiah,The righteous,Peace,False,1
478,"My people will dwell in a peaceful habitation, in secure dwellings, and in quiet resting places",Isaiah 32:18,Isaiah,32,18,18,God,,His people,Peace;Rest,False,2
479,"He will dwell on high; his place of defense will be the fortress of rocks; bread will be given him, his water will be sure",Isaiah 33:16,Isaiah,33,16,16,God,through Isaiah,The righteous walker,Protection;Provision,True,2
480,Your eyes will see the King in His beauty; they will see the land that is very far off,Isaiah 33:17,Isaiah,33,17,17,God,through Isaiah,The righteous,Glory;Hope,True,2
481,"The LORD is our Judge, our Lawgiver, our King; He will save us",Isaiah 33:22,Isaiah,33,22,22,God,through Isaiah,His people,Salvation;Kingdom,False,1
482,"The inhabitant will not say, I am sick; the people who dwell in it will be forgiven their iniquity",Isaiah 33:24,Isaiah,33,24,24,God,through Isaiah,Zion's inhabitants,Healing;Forgiveness,False,2
483,The wilderness and the wasteland shall be glad; the desert shall rejoice and blossom as the rose; they shall see the glory of the LORD,Isaiah 35:1-2,Isaiah,35,1,2,God,through Isaiah,The land / His people,Restoration;Glory,False,2
484,"Behold, your God will come with vengeance; He will come and save you",Isaiah 35:4,Isaiah,35,4,4,God,through Isaiah,The fearful,Salvation;Justice,False,1
485,"The eyes of the blind shall be opened, the ears of the deaf unstopped; the lame shall leap, and the tongue of the dumb sing",Isaiah 35:5-6,Isaiah,35,5,6,God,through Isaiah,Israel,Healing;Messiah,False,1
486,"A highway shall be there, and a road, and it shall be called the Highway of Holiness; the redeemed shall walk there, and whoever walks the road shall not go astray",Isaiah 35:8,Isaiah,35,8,8,God,through Isaiah,The redeemed,Sanctification;Guidance,False,2
487,The ransomed of the LORD shall return to Zion with singing; everlasting joy on their heads; sorrow and sighing shall flee away,Isaiah 35:10,Isaiah,35,10,10,God,through Isaiah,The redeemed,Joy;Restoration,False,1
488,"The king of Assyria shall not come into this city nor shoot an arrow there; I will defend this city to save it, for My own sake and for My servant David's sake",Isaiah 37:33-35,Isaiah,37,33,35,God,through Isaiah,Hezekiah / Jerusalem,Protection,False,2
489,"I have heard your prayer, I have seen your tears; surely I will add to your days fifteen years",Isaiah 38:5,Isaiah,38,5,5,God,through Isaiah,Hezekiah,Healing;Prayer,False,2
490,"Comfort, yes, comfort My people! Speak comfort to Jerusalem — her warfare is ended, her iniquity is pardoned",Isaiah 40:1-2,Isaiah,40,1,2,God,,Jerusalem,Comfort;Forgiveness,False,2
491,"Every valley shall be exalted, every mountain made low, and the glory of the LORD shall be revealed; all flesh shall see it together",Isaiah 40:4-5,Isaiah,40,4,5,God,through Isaiah,All flesh,Revelation;Messiah,False,1
492,"The grass withers, the flower fades, but the word of our God stands forever",Isaiah 40:8,Isaiah,40,8,8,God,through Isaiah,All flesh,Faithfulness,False,2
493,"Behold, the Lord GOD shall come with a strong hand; behold, His reward is with Him, and His work before Him",Isaiah 40:10,Isaiah,40,10,10,God,through Isaiah,His people,Second Coming;Reward,False,2
494,"He will feed His flock like a shepherd, gather the lambs with His arm, and gently lead those who are with young",Isaiah 40:11,Isaiah,40,11,11,God,through Isaiah,His flock,Comfort;Provision,False,1
495,"He gives power to the weak, and to those who have no might He increases strength",Isaiah 40:29,Isaiah,40,29,29,God,through Isaiah,The weak,Strength,False,1
496,"Those who wait on the LORD shall renew their strength; they shall mount up with wings like eagles, run and not be weary, walk and not faint",Isaiah 40:31,Isaiah,40,31,31,God,through Isaiah,Those who wait on Him,Strength,True,1
497,"Fear not, for I am with you; I will strengthen you, help you, and uphold you with My righteous right hand",Isaiah 41:10,Isaiah,41,10,10,God,,Israel / Believers,Presence;Strength,False,1
498,"I, the LORD your God, hold your right hand, saying to you, Fear not, I will help you",Isaiah 41:13,Isaiah,41,13,13,God,,Israel,Strength;Presence,False,1
499,"Fear not, you worm Jacob; I will help you, says the LORD and your Redeemer, the Holy One of Israel; I will make you into a new threshing sledge",Isaiah 41:14-15,Isaiah,41,14,15,God,,Jacob / Israel,Help;Strength,False,2
500,"When the poor and needy seek water and there is none, I the LORD will hear them; I will not forsake them",Isaiah 41:17,Isaiah,41,17,17,God,,The poor and needy,Provision;Faithfulness,False,1
501,"I will open rivers in desolate heights, and fountains in the midst of the valleys; I will make the wilderness a pool of water",Isaiah 41:18,Isaiah,41,18,18,God,,The poor and needy,Provision,False,2
502,"Behold My Servant whom I uphold, My Elect One; I have put My Spirit upon Him; He will bring forth justice to the Gentiles",Isaiah 42:1,Isaiah,42,1,1,God,,The Messiah / Gentiles,Messiah;Holy Spirit;Justice,False,1
503,"A bruised reed He will not break, and smoking flax He will not quench; He will bring forth justice for truth",Isaiah 42:3,Isaiah,42,3,3,God,,The bruised / The faint,Mercy;Messiah,False,2
504,"I will give You as a covenant to the people, as a light to the Gentiles",Isaiah 42:6,Isaiah,42,6,6,God,,The Messiah / Nations,Messiah;Covenant,False,1
505,"To open blind eyes, to bring out prisoners from the prison, those who sit in darkness from the prison house",Isaiah 42:7,Isaiah,42,7,7,God,,The blind / Prisoners,Deliverance;Messiah,False,2
506,"Behold, the former things have come to pass, and new things I declare; before they spring forth I tell you of them",Isaiah 42:9,Isaiah,42,9,9,God,,Israel,Revelation;Faithfulness,False,2
507,I will bring the blind by a way they did not know; I will make darkness light before them; I will not forsake them,Isaiah 42:16,Isaiah,42,16,16,God,,The blind / His people,Guidance;Faithfulness,False,1
508,"Fear not, for I have redeemed you; I have called you by your name; you are Mine",Isaiah 43:1,Isaiah,43,1,1,God,,Israel,Redemption,False,1
509,"When you pass through the waters, I will be with you; through the rivers, they shall not overflow you; through the fire, you shall not be burned",Isaiah 43:2,Isaiah,43,2,2,God,,Israel / Believers,Presence;Protection,False,1
510,"Since you were precious in My sight, you have been honored, and I have loved you",Isaiah 43:4,Isaiah,43,4,4,God,,Israel,Love;Honor,False,2
511,"I will bring your descendants from the east and gather you from the west, north, and south",Isaiah 43:5-6,Isaiah,43,5,6,God,,Israel,Restoration,False,1
512,"Behold, I will do a new thing; now it shall spring forth — I will even make a road in the wilderness and rivers in the desert",Isaiah 43:19,Isaiah,43,19,19,God,,Israel,Restoration;New Creation,False,2
513,"I, even I, am He who blots out your transgressions for My own sake, and I will not remember your sins",Isaiah 43:25,Isaiah,43,25,25,God,,Israel / The redeemed,Forgiveness,False,1
514,I will pour water on him who is thirsty and floods on the dry ground; I will pour My Spirit on your descendants,Isaiah 44:3,Isaiah,44,3,3,God,,Israel's descendants,Holy Spirit;Provision,False,1
515,"I have blotted out your transgressions like a thick cloud; return to Me, for I have redeemed you",Isaiah 44:22,Isaiah,44,22,22,God,,Israel,Forgiveness;Redemption,False,1
516,"He confirms the word of His servant and performs the counsel of His messengers; He says to Jerusalem, You shall be inhabited",Isaiah 44:26,Isaiah,44,26,26,God,,Jerusalem,Faithfulness;Restoration,False,2
517,"I will go before you and make the crooked places straight; I will give you the treasures of darkness and hidden riches of secret places, that you may know that I, the LORD, call you by your name",Isaiah 45:2-3,Isaiah,45,2,3,God,,Cyrus,Guidance;Provision,False,2
518,Israel shall be saved by the LORD with an everlasting salvation; you shall not be ashamed or disgraced forever and ever,Isaiah 45:17,Isaiah,45,17,17,God,through Isaiah,Israel,Salvation,False,2
519,"Look to Me and be saved, all you ends of the earth, for I am God and there is no other",Isaiah 45:22,Isaiah,45,22,22,God,,All nations,Salvation,True,1
520,"I have sworn by Myself: to Me every knee shall bow, every tongue shall take an oath",Isaiah 45:23,Isaiah,45,23,23,God,by oath,All the earth,Kingdom;Worship,False,2
521,"Even to your old age I am He; even to gray hairs I will carry you; I have made, I will bear, I will carry, and I will deliver you",Isaiah 46:4,Isaiah,46,4,4,God,,Israel / His people,Faithfulness;Deliverance,False,1
522,"My counsel shall stand, and I will do all My pleasure; indeed I have spoken it; I will also bring it to pass",Isaiah 46:10-11,Isaiah,46,10,11,God,,Israel / All nations,Faithfulness;Sovereignty,False,2
523,"I am the LORD your God, who teaches you to profit, who leads you by the way you should go",Isaiah 48:17,Isaiah,48,17,17,God,,Israel,Wisdom;Guidance,False,2
524,"It is too small a thing that You should raise up the tribes of Jacob; I will also give You as a light to the Gentiles, that You should be My salvation to the ends of the earth",Isaiah 49:6,Isaiah,49,6,6,God,,The Messiah / All nations,Messiah;Salvation,False,1
525,"In an acceptable time I have heard You, and in the day of salvation I have helped You; I will preserve You and give You as a covenant to the people, to restore the earth, to say to the prisoners, Go forth",Isaiah 49:8-9,Isaiah,49,8,9,God,,The Servant / Prisoners,Messiah;Deliverance,False,2
526,"They shall neither hunger nor thirst; neither heat nor sun shall strike them; He who has mercy on them will lead them, even by the springs of water He will guide them",Isaiah 49:10,Isaiah,49,10,10,God,through Isaiah,The returning redeemed,Provision;Guidance,False,2
527,"The LORD has comforted His people, and will have mercy on His afflicted",Isaiah 49:13,Isaiah,49,13,13,God,through Isaiah,The afflicted,Comfort;Mercy,False,2
528,"Can a woman forget her nursing child? Surely they may forget, yet I will not forget you; I have inscribed you on the palms of My hands",Isaiah 49:15-16,Isaiah,49,15,16,God,,Zion,Faithfulness;Love,False,1
529,"Kings shall be your foster fathers and their queens your nursing mothers; you shall know that I am the LORD, for they shall not be ashamed who wait for Me",Isaiah 49:23,Isaiah,49,23,23,God,,Zion / Those who wait,Honor;Faithfulness,False,2
530,"I will contend with him who contends with you, and I will save your children",Isaiah 49:25,Isaiah,49,25,25,God,,Zion,Protection;Deliverance,False,1
531,The LORD will comfort Zion; He will comfort all her waste places; He will make her wilderness like Eden — joy and gladness will be found in it,Isaiah 51:3,Isaiah,51,3,3,God,through Isaiah,Zion,Comfort;Restoration,False,2
532,"My salvation will be forever, and My righteousness will not be abolished",Isaiah 51:6,Isaiah,51,6,6,God,,His people,Salvation,False,1
533,The redeemed of the LORD shall return and come to Zion with singing; everlasting joy shall be on their heads,Isaiah 51:11,Isaiah,51,11,11,God,,The redeemed,Joy;Restoration,False,1
534,"I, even I, am He who comforts you",Isaiah 51:12,Isaiah,51,12,12,God,,His people,Comfort,False,2
535,I have taken out of your hand the cup of trembling; you shall no longer drink it,Isaiah 51:22,Isaiah,51,22,22,God,,Jerusalem,Deliverance;Mercy,False,2
536,"The LORD has comforted His people, He has redeemed Jerusalem; the LORD has made bare His holy arm in the eyes of all the nations, and all the ends of the earth shall see the salvation of our God",Isaiah 52:9-10,Isaiah,52,9,10,God,through Isaiah,Jerusalem / All the earth,Redemption;Salvation,False,2
537,"You shall not go out with haste, for the LORD will go before you, and the God of Israel will be your rear guard",Isaiah 52:12,Isaiah,52,12,12,God,through Isaiah,The returning exiles,Protection;Presence,False,2
538,"Behold, My Servant shall deal prudently; He shall be exalted and extolled and be very high; so shall He sprinkle many nations",Isaiah 52:13-15,Isaiah,52,13,15,God,,The Servant / Many nations,Messiah;Cleansing,False,2
539,Surely He has borne our griefs and carried our sorrows,Isaiah 53:4,Isaiah,53,4,4,God,through Isaiah,All who believe,Messiah;Substitution,False,2
540,"He was wounded for our transgressions, bruised for our iniquities; the chastisement for our peace was upon Him, and by His stripes we are healed",Isaiah 53:5,Isaiah,53,5,5,God,through Isaiah,All who believe,Redemption;Healing;Messiah,False,1
541,"All we like sheep have gone astray, and the LORD has laid on Him the iniquity of us all",Isaiah 53:6,Isaiah,53,6,6,God,through Isaiah,All humanity,Atonement;Substitution,False,2
542,"When You make His soul an offering for sin, He shall see His seed and prolong His days; by His knowledge My righteous Servant shall justify many",Isaiah 53:10-11,Isaiah,53,10,11,God,,The Messiah / The many,Atonement;Justification,False,1
543,"I will divide Him a portion with the great, because He poured out His soul unto death and bore the sin of many",Isaiah 53:12,Isaiah,53,12,12,God,,The Messiah,Messiah;Victory,False,1
544,"Do not fear, for you will not be ashamed; you will forget the shame of your youth, for your Maker is your husband — the LORD of hosts is His name",Isaiah 54:4-5,Isaiah,54,4,5,God,,Israel / The forsaken,Honor;Love,False,2
545,"For a mere moment I have forsaken you, but with great mercies I will gather you; with everlasting kindness I will have mercy on you, says the LORD, your Redeemer",Isaiah 54:7-8,Isaiah,54,7,8,God,,Israel,Mercy;Restoration,False,2
546,"As I have sworn that the waters of Noah would no longer cover the earth, so have I sworn that I would not be angry with you, nor rebuke you",Isaiah 54:9,Isaiah,54,9,9,God,by oath,Israel,Faithfulness;Mercy,False,2
547,"The mountains shall depart and the hills be removed, but My kindness shall not depart from you, nor shall My covenant of peace be removed",Isaiah 54:10,Isaiah,54,10,10,God,,Israel / His people,Covenant;Faithfulness,False,1
548,"All your children shall be taught by the LORD, and great shall be the peace of your children",Isaiah 54:13,Isaiah,54,13,13,God,,Zion's children,Peace;Wisdom,False,1
549,"In righteousness you shall be established; you shall be far from oppression, for you shall not fear",Isaiah 54:14,Isaiah,54,14,14,God,,Zion,Peace;Security,False,2
550,"No weapon formed against you shall prosper, and every tongue which rises against you in judgment you shall condemn — this is the heritage of the servants of the LORD",Isaiah 54:17,Isaiah,54,17,17,God,,Servants of the LORD,Protection;Inheritance,False,1
551,"Everyone who thirsts, come to the waters; buy wine and milk without money and without price",Isaiah 55:1,Isaiah,55,1,1,God,,All who thirst,Salvation;Provision,True,1
552,"Incline your ear and come to Me; hear, and your soul shall live; I will make an everlasting covenant with you — the sure mercies of David",Isaiah 55:3,Isaiah,55,3,3,God,,All who come,Covenant;Life,True,1
553,"Let the wicked forsake his way and return to the LORD, and He will have mercy on him, and He will abundantly pardon",Isaiah 55:6-7,Isaiah,55,6,7,God,,The repentant,Mercy;Forgiveness,True,1
554,"My word that goes forth from My mouth shall not return to Me void, but shall accomplish what I please and prosper in the thing for which I sent it",Isaiah 55:11,Isaiah,55,11,11,God,,All hearers,Faithfulness,False,1
555,You shall go out with joy and be led out with peace; the mountains and the hills shall break forth into singing before you,Isaiah 55:12-13,Isaiah,55,12,13,God,,His people,Joy;Peace,False,2
556,To the eunuchs who keep My covenant I will give in My house a name better than sons and daughters — an everlasting name that shall not be cut off,Isaiah 56:5,Isaiah,56,5,5,God,,Faithful outsiders,Inheritance;Blessing,True,1
557,Even them I will bring to My holy mountain and make them joyful in My house of prayer — for My house shall be called a house of prayer for all nations,Isaiah 56:7,Isaiah,56,7,7,God,,Foreigners who join the LORD,Access;Prayer;Nations,True,2
558,"He who puts his trust in Me shall possess the land, and shall inherit My holy mountain",Isaiah 57:13,Isaiah,57,13,13,God,,The trusting,Inheritance,True,2
559,"I dwell in the high and holy place, with him who has a contrite and humble spirit, to revive the spirit of the humble",Isaiah 57:15,Isaiah,57,15,15,God,,The contrite,Presence;Restoration,True,1
560,"I have seen his ways and will heal him; I will lead him and restore comforts to him; Peace, peace to him who is far off and to him who is near",Isaiah 57:18-19,Isaiah,57,18,19,God,,The penitent,Healing;Peace,False,1
561,"If you pour yourself out for the hungry, your light shall break forth like the morning; your healing shall spring forth speedily; you shall call, and the LORD will answer",Isaiah 58:8-9,Isaiah,58,8,9,God,,The obedient,Healing;Prayer,True,1
562,"If you extend your soul to the hungry, then your light shall dawn in the darkness, and the LORD will guide you continually, and satisfy your soul in drought, and strengthen your bones",Isaiah 58:10-11,Isaiah,58,10,11,God,,The generous,Guidance;Strength,True,2
563,The LORD will guide you continually and satisfy your soul in drought; you shall be like a watered garden,Isaiah 58:11,Isaiah,58,11,11,God,,The obedient,Guidance;Provision,True,1
564,"Those from among you shall build the old waste places; you shall be called the Repairer of the Breach, the Restorer of Streets to Dwell In",Isaiah 58:12,Isaiah,58,12,12,God,,The obedient,Restoration;Identity,True,2
565,Then you shall delight yourself in the LORD; I will cause you to ride on the high hills of the earth and feed you with the heritage of Jacob,Isaiah 58:14,Isaiah,58,14,14,God,,Sabbath-keepers,Blessing;Inheritance,True,2
566,"Behold, the LORD's hand is not shortened, that it cannot save; nor His ear heavy, that it cannot hear",Isaiah 59:1,Isaiah,59,1,1,God,through Isaiah,Israel,Salvation;Prayer,False,2
567,"When the enemy comes in like a flood, the Spirit of the LORD will lift up a standard against him",Isaiah 59:19,Isaiah,59,19,19,God,through Isaiah,Those who fear His name,Protection;Holy Spirit,False,2
568,"The Redeemer will come to Zion, and to those who turn from transgression in Jacob; My Spirit and My words will not depart from you or your descendants forever",Isaiah 59:20-21,Isaiah,59,20,21,God,,Zion / The repentant,Messiah;Holy Spirit;Covenant,False,1
569,"Arise, shine, for your light has come, and the glory of the LORD is risen upon you; the Gentiles shall come to your light, and kings to the brightness of your rising",Isaiah 60:1-3,Isaiah,60,1,3,God,,Zion / The Gentiles,Glory;Nations,False,2
570,"Your gates shall be open continually; they shall not be shut day or night, that men may bring to you the wealth of the Gentiles",Isaiah 60:11,Isaiah,60,11,11,God,,Zion,Provision;Access,False,2
571,"Whereas you have been forsaken and hated, I will make you an eternal excellence, a joy of many generations; you shall know that I, the LORD, am your Savior and your Redeemer",Isaiah 60:15-16,Isaiah,60,15,16,God,,Zion,Honor;Redemption,False,2
572,The LORD will be to you an everlasting light and your God your glory; your sun shall no longer go down; the days of your mourning shall be ended,Isaiah 60:19-20,Isaiah,60,19,20,God,,Zion,Presence;Eschatology,False,1
573,"Your people shall all be righteous; they shall inherit the land forever; a little one shall become a thousand — I, the LORD, will hasten it in its time",Isaiah 60:21-22,Isaiah,60,21,22,God,,Zion's people,Righteousness;Inheritance,False,2
574,"The Spirit of the Lord GOD is upon Me to preach good tidings to the poor, heal the brokenhearted, proclaim liberty to the captives, and give beauty for ashes",Isaiah 61:1-3,Isaiah,61,1,3,God,through the Messiah's declaration,The poor and brokenhearted,Messiah;Healing;Comfort,False,1
575,You shall be named the priests of the LORD; they shall call you the servants of our God; you shall eat the riches of the Gentiles,Isaiah 61:6,Isaiah,61,6,6,God,,Israel,Priesthood;Provision,False,2
576,"Instead of your shame you shall have double honor; everlasting joy shall be theirs, for I, the LORD, love justice; I will make with them an everlasting covenant",Isaiah 61:7-8,Isaiah,61,7,8,God,,His people,Honor;Covenant;Joy,False,2
577,"You shall be called by a new name which the mouth of the LORD will name; you shall no longer be termed Forsaken, but you shall be called Hephzibah — for the LORD delights in you",Isaiah 62:2-4,Isaiah,62,2,4,God,,Zion,Identity;Love,False,2
578,"Surely your salvation is coming; behold, His reward is with Him, and His work before Him",Isaiah 62:11,Isaiah,62,11,11,God,,Zion,Salvation;Second Coming,False,2
579,"They shall call them The Holy People, The Redeemed of the LORD; and you shall be called Sought Out, A City Not Forsaken",Isaiah 62:12,Isaiah,62,12,12,God,,Zion,Redemption;Identity,False,1
580,"In all their affliction He was afflicted, and the Angel of His Presence saved them; in His love and in His pity He redeemed them",Isaiah 63:9,Isaiah,63,9,9,God,through Isaiah,Israel,Compassion;Redemption,False,2
581,"I will bring forth descendants from Jacob, and from Judah an heir of My mountains; My elect shall inherit it",Isaiah 65:9,Isaiah,65,9,9,God,,Jacob / Judah / The elect,Inheritance;Remnant,False,2
582,"Behold, I create new heavens and a new earth; the former shall not be remembered nor come to mind",Isaiah 65:17,Isaiah,65,17,17,God,,All creation,New Creation,False,1
583,"Be glad and rejoice forever in what I create; for behold, I create Jerusalem as a rejoicing, and her people a joy; the voice of weeping shall no longer be heard in her",Isaiah 65:18-19,Isaiah,65,18,19,God,,Jerusalem,New Creation;Joy,False,2
584,"They shall build houses and inhabit them; they shall plant vineyards and eat their fruit; they shall not labor in vain, for they are the descendants of the blessed of the LORD",Isaiah 65:21-23,Isaiah,65,21,23,God,,His elect,Provision;Blessing,False,2
585,"Before they call, I will answer; and while they are still speaking, I will hear",Isaiah 65:24,Isaiah,65,24,24,God,,His people,Prayer,False,1
586,"On this one will I look: on him who is poor and of a contrite spirit, and who trembles at My word",Isaiah 66:2,Isaiah,66,2,2,God,,The contrite,Favor;Presence,True,2
587,"Behold, I will extend peace to her like a river, and the glory of the Gentiles like a flowing stream; then you shall feed; on her sides shall you be carried",Isaiah 66:12-13,Isaiah,66,12,13,God,,Jerusalem / Her children,Peace;Provision,False,2
588,"As one whom his mother comforts, so I will comfort you; and you shall be comforted in Jerusalem",Isaiah 66:13,Isaiah,66,13,13,God,,His people,Comfort,False,1
589,"When you see this, your heart shall rejoice, and your bones shall flourish like grass; the hand of the LORD shall be known to His servants",Isaiah 66:14,Isaiah,66,14,14,God,,His servants,Joy;Strength,False,2
590,"As the new heavens and the new earth which I will make shall remain before Me, so shall your descendants and your name remain",Isaiah 66:22,Isaiah,66,22,22,God,,Israel,New Creation;Faithfulness,False,1
591,"Do not be afraid of their faces, for I am with you to deliver you",Jeremiah 1:8,Jeremiah,1,8,8,God,,Jeremiah,Presence;Deliverance,False,1
592,"They will fight against you, but they shall not prevail, for I am with you to deliver you",Jeremiah 1:19,Jeremiah,1,19,19,God,,Jeremiah,Protection,False,1
593,"Return, backsliding Israel, and I will not cause My anger to fall on you, for I am merciful; I will not remain angry forever",Jeremiah 3:12,Jeremiah,3,12,12,God,,Israel,Mercy;Restoration,True,1
594,"Return, for I am married to you; I will take you and bring you to Zion, and give you shepherds according to My heart",Jeremiah 3:14-15,Jeremiah,3,14,15,God,,Backsliding Israel,Restoration,True,1
595,"At that time Jerusalem shall be called The Throne of the LORD, and all the nations shall be gathered to it; the house of Judah shall walk with the house of Israel",Jeremiah 3:17-18,Jeremiah,3,17,18,God,,Jerusalem / The nations,Kingdom;Restoration,False,2
596,"Return, you backsliding children, and I will heal your backslidings",Jeremiah 3:22,Jeremiah,3,22,22,God,,Israel,Healing;Restoration,True,2
597,"Obey My voice, and I will be your God, and you shall be My people; walk in My ways that it may be well with you",Jeremiah 7:23,Jeremiah,7,23,23,God,,Israel,Covenant;Blessing,True,1
598,"After I have plucked them out, I will return and have compassion on them and bring them back, everyone to his heritage and everyone to his land",Jeremiah 12:15,Jeremiah,12,15,15,God,,Judah's neighbors,Mercy;Restoration,False,2
599,I will make you a fortified bronze wall; they will fight against you but not prevail; I will deliver you from the hand of the wicked,Jeremiah 15:20-21,Jeremiah,15,20,21,God,,Jeremiah,Protection;Deliverance,False,1
600,"The days are coming when it shall no more be said, The LORD lives who brought up Israel from Egypt, but, The LORD lives who brought up Israel from the land of the north — for I will bring them back into their land",Jeremiah 16:14-15,Jeremiah,16,14,15,God,,Israel,Restoration;Deliverance,False,2
601,"Blessed is the man who trusts in the LORD; he shall be like a tree planted by the waters, not anxious in drought, never ceasing to yield fruit",Jeremiah 17:7-8,Jeremiah,17,7,8,God,,The trusting,Blessing;Provision,True,1
602,"I, the LORD, search the heart, I test the mind, even to give every man according to his ways, according to the fruit of his doings",Jeremiah 17:10,Jeremiah,17,10,10,God,,All people,Justice,False,2
603,"The instant I speak concerning a nation to destroy it, if that nation turns from its evil, I will relent of the disaster I thought to bring upon it",Jeremiah 18:7-8,Jeremiah,18,7,8,God,,Any nation,Mercy;Judgment,True,2
604,"I will gather the remnant of My flock out of all countries, bring them back to their folds, and set up shepherds over them; they shall fear no more",Jeremiah 23:3-4,Jeremiah,23,3,4,God,,Israel's remnant,Restoration;Peace,False,1
605,"Behold, the days are coming when I will raise to David a Branch of righteousness — a King who shall reign and prosper and execute judgment and righteousness",Jeremiah 23:5,Jeremiah,23,5,5,God,,Israel / Judah,Messiah;Kingdom,False,1
606,In His days Judah will be saved and Israel dwell safely; His name: THE LORD OUR RIGHTEOUSNESS,Jeremiah 23:6,Jeremiah,23,6,6,God,,Judah / Israel,Messiah;Salvation,False,1
607,"The days are coming when they shall no longer say, The LORD lives who brought up Israel from Egypt, but, The LORD lives who led the descendants of Israel from the north country — and they shall dwell in their own land",Jeremiah 23:7-8,Jeremiah,23,7,8,God,,Israel,Restoration,False,2
608,"I will set My eyes on them for good, bring them back, build and plant them, and give them a heart to know Me",Jeremiah 24:6-7,Jeremiah,24,6,7,God,,Judah's exiles,Restoration;New Heart,False,1
609,"After seventy years are completed at Babylon, I will visit you and perform My good word toward you, causing you to return to this place",Jeremiah 29:10,Jeremiah,29,10,10,God,,Judah's exiles,Restoration,False,1
610,"I know the thoughts I think toward you — thoughts of peace and not of evil, to give you a future and a hope",Jeremiah 29:11,Jeremiah,29,11,11,God,,Judah's exiles,Hope;Peace,False,1
611,"You will call upon Me and pray to Me, and I will listen; you will seek Me and find Me when you search for Me with all your heart",Jeremiah 29:12-13,Jeremiah,29,12,13,God,,Judah's exiles,Prayer;Presence,True,1
612,I will be found by you and bring you back from your captivity; I will gather you from all the nations,Jeremiah 29:14,Jeremiah,29,14,14,God,,Judah's exiles,Restoration,False,1
613,"Behold, the days are coming when I will bring back from captivity My people Israel and Judah, and I will cause them to return to the land I gave to their fathers",Jeremiah 30:3,Jeremiah,30,3,3,God,,Israel / Judah,Restoration;Land,False,2
614,"In that day I will break his yoke from your neck and burst your bonds; they shall serve the LORD their God, and David their king, whom I will raise up for them",Jeremiah 30:8-9,Jeremiah,30,8,9,God,,Israel,Deliverance;Messiah,False,2
615,"Do not fear, O Jacob; I will save you from afar and your seed from captivity; though I make a full end of all nations where I scattered you, I will not make a complete end of you",Jeremiah 30:10-11,Jeremiah,30,10,11,God,,Jacob / Israel,Deliverance;Faithfulness,False,1
616,"All those who devour you shall be devoured, and all your adversaries shall go into captivity; those who plunder you shall become plunder",Jeremiah 30:16,Jeremiah,30,16,16,God,,Israel,Justice;Protection,False,2
617,I will restore health to you and heal you of your wounds,Jeremiah 30:17,Jeremiah,30,17,17,God,,Zion,Healing,False,1
618,"Behold, I will bring back the captivity of Jacob's tents; the city shall be built upon its own mound; out of them shall proceed thanksgiving and the voice of those who make merry; I will multiply them, and they shall not diminish",Jeremiah 30:18-19,Jeremiah,30,18,19,God,,Jacob,Restoration;Joy,False,2
619,"You shall be My people, and I will be your God",Jeremiah 30:22,Jeremiah,30,22,22,God,,Israel,Covenant,False,2
620,"At the same time I will be the God of all the families of Israel, and they shall be My people",Jeremiah 31:1,Jeremiah,31,1,1,God,,All Israel's families,Covenant,False,2
621,I have loved you with an everlasting love; therefore with lovingkindness I have drawn you,Jeremiah 31:3,Jeremiah,31,3,3,God,,Israel,Love,False,1
622,"Again I will build you, and you shall be rebuilt, O virgin of Israel; you shall again be adorned with your tambourines and go forth in the dances of those who rejoice",Jeremiah 31:4,Jeremiah,31,4,4,God,,Israel,Restoration;Joy,False,2
623,"Behold, I will bring them from the north country and gather them from the ends of the earth — the blind and the lame, the woman with child; they shall come with weeping, and with supplications I will lead them, for I am a Father to Israel",Jeremiah 31:8-9,Jeremiah,31,8,9,God,,Israel's remnant,Restoration;Fatherhood,False,2
624,He who scattered Israel will gather him and keep him as a shepherd does his flock,Jeremiah 31:10,Jeremiah,31,10,10,God,,Israel / The nations,Restoration,False,1
625,"The LORD has redeemed Jacob and ransomed him from the hand of one stronger than he; they shall come and sing in the height of Zion; their soul shall be like a well-watered garden, and they shall sorrow no more at all",Jeremiah 31:11-12,Jeremiah,31,11,12,God,through Jeremiah,Jacob,Redemption;Joy,False,2
626,"I will turn their mourning to joy, will comfort them, and make them rejoice rather than sorrow",Jeremiah 31:13,Jeremiah,31,13,13,God,,Israel,Joy;Comfort,False,1
627,"I will satiate the soul of the priests with abundance, and My people shall be satisfied with My goodness",Jeremiah 31:14,Jeremiah,31,14,14,God,,Priests / His people,Satisfaction;Provision,False,2
628,Refrain your voice from weeping; your work shall be rewarded; your children shall come back to their own border; there is hope in your future,Jeremiah 31:16-17,Jeremiah,31,16,17,God,,Rachel / Israel,Hope;Restoration,False,1
629,"Is Ephraim My dear son? Is he a pleasant child? Though I spoke against him, I earnestly remember him still; therefore My heart yearns for him; I will surely have mercy on him",Jeremiah 31:20,Jeremiah,31,20,20,God,,Ephraim,Mercy;Love,False,2
630,"I have satiated the weary soul, and I have replenished every sorrowful soul",Jeremiah 31:25,Jeremiah,31,25,25,God,,The weary and sorrowful,Rest;Comfort,False,2
631,"As I have watched over them to pluck up and break down, so I will watch over them to build and to plant",Jeremiah 31:28,Jeremiah,31,28,28,God,,Israel / Judah,Restoration;Faithfulness,False,2
632,"Behold, the days are coming when I will make a new covenant with the house of Israel and the house of Judah",Jeremiah 31:31,Jeremiah,31,31,31,God,,Israel / Judah,New Covenant,False,1
633,"I will put My law in their minds and write it on their hearts; I will be their God, and they shall be My people",Jeremiah 31:33,Jeremiah,31,33,33,God,,Israel / New-covenant people,New Covenant;New Heart,False,1
634,"They all shall know Me, from the least to the greatest; I will forgive their iniquity, and their sin I will remember no more",Jeremiah 31:34,Jeremiah,31,34,34,God,,New-covenant people,Forgiveness;Knowledge of God,False,1
635,"If the fixed order of sun, moon, and stars departs from before Me, then the seed of Israel shall cease from being a nation before Me forever",Jeremiah 31:35-37,Jeremiah,31,35,37,God,,Israel,Faithfulness;Nation,False,1
636,"Behold, I am the LORD, the God of all flesh — is there anything too hard for Me?",Jeremiah 32:27,Jeremiah,32,27,27,God,,Jeremiah,Power;Faithfulness,False,1
637,"I will gather them out of all countries where I drove them in My anger; I will bring them back and cause them to dwell safely; they shall be My people, and I will be their God",Jeremiah 32:37-38,Jeremiah,32,37,38,God,,Israel,Restoration;Covenant,False,1
638,"I will give them one heart and one way to fear Me forever; I will make an everlasting covenant that I will not turn away from doing them good, and I will put My fear in their hearts so they will not depart from Me",Jeremiah 32:39-40,Jeremiah,32,39,40,God,,Israel,New Covenant;New Heart,False,1
639,"I will rejoice over them to do them good, and I will assuredly plant them in this land with all My heart and all My soul",Jeremiah 32:41,Jeremiah,32,41,41,God,,Israel,Blessing;Land,False,1
640,"Just as I have brought all this great calamity, so I will bring on them all the good that I have promised them; fields will be bought in this land of which you say, It is desolate",Jeremiah 32:42-44,Jeremiah,32,42,44,God,,Judah,Faithfulness;Restoration,False,2
641,"Call to Me, and I will answer you, and show you great and mighty things which you do not know",Jeremiah 33:3,Jeremiah,33,3,3,God,,Jeremiah / His people,Prayer;Revelation,True,1
642,I will bring health and healing; I will heal them and reveal to them the abundance of peace and truth,Jeremiah 33:6,Jeremiah,33,6,6,God,,Jerusalem,Healing;Peace,False,1
643,"I will cleanse them from all their iniquity, and I will pardon all their iniquities by which they have sinned against Me",Jeremiah 33:8,Jeremiah,33,8,8,God,,Israel / Judah,Forgiveness;Cleansing,False,1
644,"Then it shall be to Me a name of joy, a praise, and an honor before all nations of the earth, who shall hear all the good that I do to them",Jeremiah 33:9,Jeremiah,33,9,9,God,,Jerusalem,Honor;Blessing,False,2
645,"In this place of which you say it is desolate, there shall be heard again the voice of joy and the voice of gladness, the voice of the bridegroom and the voice of the bride",Jeremiah 33:10-11,Jeremiah,33,10,11,God,,Judah / Jerusalem,Joy;Restoration,False,2
646,In this place which is desolate there shall again be a dwelling place of shepherds causing their flocks to lie down; the flocks shall again pass under the hands of him who counts them,Jeremiah 33:12-13,Jeremiah,33,12,13,God,,Judah's cities,Peace;Restoration,False,2
647,The days are coming when I will perform the good thing I promised: I will cause to grow up to David a Branch of righteousness,Jeremiah 33:14-15,Jeremiah,33,14,15,God,,Israel / Judah,Messiah;Faithfulness,False,1
648,"In those days Judah will be saved, and Jerusalem will dwell safely; and this is the name by which she will be called: THE LORD OUR RIGHTEOUSNESS",Jeremiah 33:16,Jeremiah,33,16,16,God,,Judah / Jerusalem,Salvation;Messiah,False,2
649,David shall never lack a man to sit on the throne of the house of Israel,Jeremiah 33:17,Jeremiah,33,17,17,God,,David's line,Kingdom;Messiah,False,1
650,"If you can break My covenant with the day and night, then My covenant with David may be broken",Jeremiah 33:20-21,Jeremiah,33,20,21,God,,David's line / Levites,Covenant;Faithfulness,False,1
651,"As the host of heaven cannot be numbered, so will I multiply the descendants of David My servant and the Levites who minister to Me",Jeremiah 33:22,Jeremiah,33,22,22,God,,David's line / The Levites,Multiplication;Covenant,False,2
652,"I will deliver you in that day, and you shall not be given into the hand of the men you fear, because you have put your trust in Me",Jeremiah 39:17-18,Jeremiah,39,17,18,God,,Ebed-Melech,Deliverance,False,1
653,"If you remain in this land, I will build you and not pull you down; do not be afraid of the king of Babylon, for I am with you to save you",Jeremiah 42:10-12,Jeremiah,42,10,12,God,,Judah's remnant,Protection,True,1
654,"I will bring adversity on all flesh, but your life I will give to you as a prize wherever you go",Jeremiah 45:5,Jeremiah,45,5,5,God,,Baruch,Protection,False,1
655,"Do not fear, O Jacob My servant, for I am with you; I will make a complete end of the nations, but I will not make a complete end of you",Jeremiah 46:27-28,Jeremiah,46,27,28,God,,Jacob / Israel,Faithfulness;Presence,False,1
656,"Leave your fatherless children, I will preserve them alive; and let your widows trust in Me",Jeremiah 49:11,Jeremiah,49,11,11,God,,The fatherless / Widows,Preservation;Care,True,2
657,"In those days the iniquity of Israel shall be sought, but there shall be none; and the sins of Judah, but they shall not be found; for I will pardon those whom I preserve",Jeremiah 50:20,Jeremiah,50,20,20,God,,Israel / Judah,Forgiveness,False,2
658,"Through the LORD's mercies we are not consumed, because His compassions fail not; they are new every morning; great is Your faithfulness",Lamentations 3:22-23,Lamentations,3,22,23,God,through Jeremiah,His people,Mercy;Faithfulness,False,1
659,"The LORD is good to those who wait for Him, to the soul who seeks Him",Lamentations 3:25,Lamentations,3,25,25,God,through Jeremiah,Those who wait,Goodness,True,1
660,"The Lord will not cast off forever; though He causes grief, yet He will show compassion according to the multitude of His mercies",Lamentations 3:31-32,Lamentations,3,31,32,God,through Jeremiah,The afflicted,Mercy;Comfort,False,1
661,"Although I have scattered them among the countries, yet I shall be a little sanctuary for them in the countries where they have gone",Ezekiel 11:16,Ezekiel,11,16,16,God,,Israel's exiles,Presence,False,1
662,"I will gather you from the peoples, assemble you from the countries, and give you the land of Israel",Ezekiel 11:17,Ezekiel,11,17,17,God,,Israel's exiles,Restoration;Land,False,1
663,I will give them one heart and put a new spirit within them; I will take the stony heart out of their flesh and give them a heart of flesh,Ezekiel 11:19-20,Ezekiel,11,19,20,God,,Israel,New Heart;Holy Spirit,False,1
664,"I will remember My covenant with you in the days of your youth, and I will establish an everlasting covenant with you",Ezekiel 16:60,Ezekiel,16,60,60,God,,Jerusalem,Covenant,False,1
665,"I will establish My covenant with you; then you shall know that I am the LORD, when I provide you an atonement for all you have done",Ezekiel 16:62-63,Ezekiel,16,62,63,God,,Jerusalem,Covenant;Atonement,False,2
666,"I will take a sprig from the highest branch of the high cedar and plant it on a high and prominent mountain; it will bring forth boughs and bear fruit, and under it will dwell birds of every sort",Ezekiel 17:22-23,Ezekiel,17,22,23,God,,Israel / All nations,Messiah;Kingdom,False,2
667,"If a wicked man turns from all his sins and does what is lawful, he shall surely live; none of his transgressions shall be remembered against him",Ezekiel 18:21-22,Ezekiel,18,21,22,God,,The repentant,Mercy;Life,True,1
668,Cast away your transgressions and get a new heart and spirit — for I have no pleasure in the death of one who dies; therefore turn and live,Ezekiel 18:31-32,Ezekiel,18,31,32,God,,Israel,Mercy;Life,True,1
669,On My holy mountain all the house of Israel shall serve Me; there I will accept them,Ezekiel 20:40,Ezekiel,20,40,40,God,,Israel,Worship;Acceptance,False,2
670,I will accept you as a sweet aroma when I bring you out from the peoples and gather you out of the countries,Ezekiel 20:41,Ezekiel,20,41,41,God,,Israel,Restoration;Acceptance,False,1
671,"When I gather Israel and am hallowed in them, they will dwell in their own land, build houses, plant vineyards, and dwell securely",Ezekiel 28:25-26,Ezekiel,28,25,26,God,,Israel,Restoration;Peace,False,1
672,Indeed I Myself will search for My sheep and seek them out; I will deliver them from all the places where they were scattered on a cloudy and dark day,Ezekiel 34:11-12,Ezekiel,34,11,12,God,,His flock,Restoration;Deliverance,False,1
673,I will bring them out from the peoples and feed them on the mountains of Israel; I will feed them in good pasture,Ezekiel 34:13-14,Ezekiel,34,13,14,God,,His flock,Restoration;Provision,False,2
674,"I will feed My flock and make them lie down; I will seek the lost, bring back the driven away, bind up the broken, and strengthen the sick",Ezekiel 34:15-16,Ezekiel,34,15,16,God,,His flock,Provision;Healing,False,1
675,"I will save My flock, and they shall no longer be a prey; and I will judge between sheep and sheep",Ezekiel 34:22,Ezekiel,34,22,22,God,,His flock,Salvation;Justice,False,2
676,I will establish one shepherd over them — My servant David — and He shall feed them and be their shepherd,Ezekiel 34:23,Ezekiel,34,23,23,God,,Israel,Messiah;Kingdom,False,1
677,"I, the LORD, will be their God, and My servant David a prince among them; I, the LORD, have spoken",Ezekiel 34:24,Ezekiel,34,24,24,God,,Israel,Covenant;Messiah,False,2
678,"I will make a covenant of peace with them and cause wild beasts to cease, so they may dwell safely in the wilderness",Ezekiel 34:25,Ezekiel,34,25,25,God,,Israel,Covenant;Peace,False,1
679,"I will make them and the places around My hill a blessing, and cause showers to come down in their season — showers of blessing",Ezekiel 34:26,Ezekiel,34,26,26,God,,Israel,Blessing;Provision,False,1
680,"The trees of the field shall yield their fruit, and the earth shall yield her increase; they shall be safe in their land, and I will break the bands of their yoke",Ezekiel 34:27,Ezekiel,34,27,27,God,,Israel,Provision;Deliverance,False,2
681,"They shall no longer be a prey for the nations; I will raise up for them a garden of renown, and they shall no longer be consumed with hunger",Ezekiel 34:28-29,Ezekiel,34,28,29,God,,Israel,Protection;Provision,False,2
682,"You are My flock, the flock of My pasture; you are men, and I am your God",Ezekiel 34:31,Ezekiel,34,31,31,God,,Israel,Covenant;Care,False,2
683,"I am for you, and I will turn to you, and you shall be tilled and sown; I will multiply men upon you, and I will do better for you than at your beginnings",Ezekiel 36:9-11,Ezekiel,36,9,11,God,,The mountains of Israel,Restoration;Multiplication,False,2
684,"I will take you from among the nations, gather you out of all countries, and bring you into your own land",Ezekiel 36:24,Ezekiel,36,24,24,God,,Israel,Restoration,False,1
685,"I will sprinkle clean water on you, and you shall be clean; I will cleanse you from all your filthiness and idols",Ezekiel 36:25,Ezekiel,36,25,25,God,,Israel,Cleansing,False,1
686,I will give you a new heart and put a new spirit within you; I will take the heart of stone out of your flesh and give you a heart of flesh,Ezekiel 36:26,Ezekiel,36,26,26,God,,Israel,New Heart,False,1
687,I will put My Spirit within you and cause you to walk in My statutes,Ezekiel 36:27,Ezekiel,36,27,27,God,,Israel,Holy Spirit;Sanctification,False,1
688,"You shall dwell in the land I gave your fathers; you shall be My people, and I will be your God",Ezekiel 36:28,Ezekiel,36,28,28,God,,Israel,Land;Covenant,False,1
689,"I will deliver you from all your uncleannesses; I will call for the grain and multiply it, and bring no famine upon you",Ezekiel 36:29-30,Ezekiel,36,29,30,God,,Israel,Cleansing;Provision,False,1
690,"On the day that I cleanse you from all your iniquities, I will enable you to dwell in the cities, and the ruins shall be rebuilt; they will say, This land that was desolate has become like the garden of Eden",Ezekiel 36:33-35,Ezekiel,36,33,35,God,,Israel,Cleansing;Restoration,False,2
691,I will also let the house of Israel inquire of Me to do this for them: I will increase their men like a flock,Ezekiel 36:37-38,Ezekiel,36,37,38,God,,Israel,Prayer;Multiplication,True,2
692,"Behold, O My people, I will open your graves and cause you to come up from your graves, and bring you into the land of Israel",Ezekiel 37:12-13,Ezekiel,37,12,13,God,,Israel,Resurrection;Restoration,False,1
693,"I will put My Spirit in you, and you shall live; I will place you in your own land — then you shall know that I, the LORD, have spoken it and performed it",Ezekiel 37:14,Ezekiel,37,14,14,God,,Israel,Holy Spirit;Life,False,1
694,"I will take the children of Israel from among the nations and make them one nation in the land, on the mountains of Israel; and one king shall be king over them all",Ezekiel 37:21-22,Ezekiel,37,21,22,God,,Israel,Restoration;Unity;Kingdom,False,2
695,"I will deliver them from all their dwelling places in which they have sinned, and will cleanse them; then they shall be My people, and I will be their God",Ezekiel 37:23,Ezekiel,37,23,23,God,,Israel,Cleansing;Covenant,False,2
696,"David My servant shall be king over them, and they shall all have one shepherd; they shall dwell in the land forever, and My servant David shall be their prince forever",Ezekiel 37:24-25,Ezekiel,37,24,25,God,,Israel,Messiah;Land;Kingdom,False,2
697,I will make a covenant of peace — an everlasting covenant; I will set My sanctuary in their midst forevermore; My tabernacle shall be with them,Ezekiel 37:26-27,Ezekiel,37,26,27,God,,Israel,Covenant;Presence,False,1
698,"The nations also will know that I, the LORD, sanctify Israel, when My sanctuary is in their midst forevermore",Ezekiel 37:28,Ezekiel,37,28,28,God,,Israel / The nations,Sanctification;Presence,False,2
699,"Now I will bring back the captives of Jacob, and have mercy on the whole house of Israel; and I will be jealous for My holy name",Ezekiel 39:25-26,Ezekiel,39,25,26,God,,Jacob / Israel,Mercy;Restoration,False,2
700,I shall leave none of them captive any longer — I will have gathered them to their own land,Ezekiel 39:28,Ezekiel,39,28,28,God,,Israel,Restoration;Faithfulness,False,2
701,"I will not hide My face from them anymore, for I shall have poured out My Spirit on the house of Israel",Ezekiel 39:29,Ezekiel,39,29,29,God,,Israel,Holy Spirit;Presence,False,1
702,"This is the place of My throne, where I will dwell in the midst of the children of Israel forever",Ezekiel 43:7,Ezekiel,43,7,7,God,,Israel,Presence;Kingdom,False,1
703,"Everything will live wherever the river goes; there will be a very great multitude of fish, for these waters go there and the waters of the sea are healed",Ezekiel 47:9,Ezekiel,47,9,9,God,through the vision,The land / All life,Life;Healing,False,2
704,"Along the bank of the river will grow all kinds of trees used for food; their fruit will be for food, and their leaves for medicine",Ezekiel 47:12,Ezekiel,47,12,12,God,through the vision,God's people,Provision;Healing,False,2
705,The name of the city from that day shall be: THE LORD IS THERE,Ezekiel 48:35,Ezekiel,48,35,35,God,,The city of God,Presence,False,2
706,In the days of these kings the God of heaven will set up a kingdom which shall never be destroyed; it shall stand forever,Daniel 2:44,Daniel,2,44,44,God,through Daniel,All nations,Kingdom,False,1
707,"One like the Son of Man came to the Ancient of Days and was given dominion, glory, and a kingdom that all peoples should serve Him — an everlasting dominion",Daniel 7:13-14,Daniel,7,13,14,God,,The Son of Man / All peoples,Messiah;Kingdom,False,1
708,The kingdom and dominion shall be given to the people of the saints of the Most High; His kingdom is an everlasting kingdom,Daniel 7:27,Daniel,7,27,27,God,through Daniel,The saints,Kingdom;Inheritance,False,1
709,"Seventy weeks are determined to finish transgression, make an end of sins, make reconciliation for iniquity, and bring in everlasting righteousness",Daniel 9:24,Daniel,9,24,24,God,through Gabriel,Daniel's people,Redemption;Prophecy,False,1
710,"At that time Michael shall stand up, and your people shall be delivered — everyone found written in the book",Daniel 12:1,Daniel,12,1,1,God,through the messenger,Daniel's people,Deliverance,False,1
711,"Many of those who sleep in the dust of the earth shall awake — some to everlasting life, some to shame and everlasting contempt",Daniel 12:2,Daniel,12,2,2,God,through the messenger,The dead,Resurrection;Judgment,False,1
712,"Those who are wise shall shine like the brightness of the firmament, and those who turn many to righteousness like the stars forever",Daniel 12:3,Daniel,12,3,3,God,through the messenger,The wise,Reward;Glory,False,1
713,"You shall rest, and will arise to your inheritance at the end of the days",Daniel 12:13,Daniel,12,13,13,God,through the messenger,Daniel,Resurrection;Inheritance,False,1
714,"The number of Israel shall be as the sand of the sea; where it was said, You are not My people, it shall be said, You are sons of the living God",Hosea 1:10,Hosea,1,10,10,God,,Israel / Gentiles (per Romans 9),Restoration;Adoption,False,1
715,"I will betroth you to Me forever in righteousness, justice, lovingkindness, mercy, and faithfulness — and you shall know the LORD",Hosea 2:19-20,Hosea,2,19,20,God,,Israel,Covenant;Love,False,1
716,"I will sow her for Myself in the earth; I will have mercy on her who had not obtained mercy; I will say to those who were not My people, You are My people",Hosea 2:23,Hosea,2,23,23,God,,Israel / The nations,Mercy;Adoption,False,1
717,"Come, let us return to the LORD; He has torn, but He will heal us; after two days He will revive us; on the third day He will raise us up",Hosea 6:1-2,Hosea,6,1,2,God,through Hosea,Israel,Healing;Resurrection,True,1
718,"How can I give you up, Ephraim? My heart churns within Me; I will not execute the fierceness of My anger, for I am God and not man",Hosea 11:8-9,Hosea,11,8,9,God,,Israel,Mercy,False,1
719,"I will ransom them from the power of the grave; I will redeem them from death. O Death, I will be your plagues! O Grave, I will be your destruction!",Hosea 13:14,Hosea,13,14,14,God,,Israel / The redeemed,Redemption;Resurrection,False,1
720,"I will heal their backsliding; I will love them freely, for My anger has turned away from him",Hosea 14:4,Hosea,14,4,4,God,,Repentant Israel,Healing;Love,True,1
721,"Return to the LORD your God, for He is gracious and merciful, slow to anger, of great kindness, and He relents from doing harm",Joel 2:13,Joel,2,13,13,God,through Joel,The repentant,Mercy,True,1
722,I will restore to you the years that the swarming locust has eaten,Joel 2:25,Joel,2,25,25,God,,Israel,Restoration,False,1
723,"You shall eat in plenty and be satisfied, and praise the name of the LORD; My people shall never be put to shame",Joel 2:26,Joel,2,26,26,God,,Israel,Provision;Honor,False,1
724,Afterward I will pour out My Spirit on all flesh; your sons and daughters shall prophesy; on My menservants and maidservants I will pour out My Spirit,Joel 2:28-29,Joel,2,28,29,God,,All flesh,Holy Spirit,False,1
725,Whoever calls on the name of the LORD shall be saved,Joel 2:32,Joel,2,32,32,God,,All who call,Salvation,True,1
726,The LORD will be a shelter for His people and the strength of the children of Israel,Joel 3:16,Joel,3,16,16,God,,Israel,Refuge;Strength,False,1
727,Seek Me and live,Amos 5:4,Amos,5,4,4,God,,Israel,Life,True,1
728,"On that day I will raise up the tabernacle of David which has fallen down, repair its damages, and rebuild it as in the days of old",Amos 9:11,Amos,9,11,11,God,,Israel / The nations (per Acts 15),Restoration;Kingdom,False,1
729,"I will bring back the captives of My people Israel; they shall plant vineyards and drink wine from them; I will plant them in their land, and no longer shall they be pulled up",Amos 9:14-15,Amos,9,14,15,God,,Israel,Restoration;Land,False,1
730,"The day of the LORD is near upon all nations; as you have done, it shall be done to you",Obadiah 1:15,Obadiah,1,15,15,God,,Edom / All nations,Judgment;Justice,False,1
731,"On Mount Zion there shall be deliverance, and there shall be holiness; the house of Jacob shall possess their possessions",Obadiah 1:17,Obadiah,1,17,17,God,,Zion / Jacob,Deliverance;Inheritance,False,1
732,"Saviors shall come to Mount Zion to judge the mountains of Esau, and the kingdom shall be the LORD's",Obadiah 1:21,Obadiah,1,21,21,God,,Zion,Kingdom,False,1
733,Salvation is of the LORD,Jonah 2:9,Jonah,2,9,9,God,through Jonah's confession,All who cry to Him,Salvation,False,1
734,"In the latter days the mountain of the LORD's house shall be established; nations shall beat their swords into plowshares, neither shall they learn war anymore",Micah 4:1-3,Micah,4,1,3,God,through Micah,All nations,Kingdom;Peace,False,1
735,"Out of Bethlehem shall come forth the One to be Ruler in Israel, whose goings forth are from of old, from everlasting",Micah 5:2,Micah,5,2,2,God,,Israel,Messiah,False,1
736,"He shall stand and feed His flock in the strength of the LORD; they shall abide, for now He shall be great to the ends of the earth",Micah 5:4,Micah,5,4,4,God,through Micah,His flock,Messiah;Provision,False,1
737,"Who is a God like You, pardoning iniquity? He will again have compassion on us and subdue our iniquities; You will cast all our sins into the depths of the sea",Micah 7:18-19,Micah,7,18,19,God,through Micah,The remnant,Forgiveness;Mercy,False,1
738,"You will give truth to Jacob and mercy to Abraham, which You have sworn to our fathers from days of old",Micah 7:20,Micah,7,20,20,God,through Micah,Jacob / Abraham's line,Faithfulness;Covenant,False,1
739,"The LORD is good, a stronghold in the day of trouble, and He knows those who trust in Him",Nahum 1:7,Nahum,1,7,7,God,through Nahum,Those who trust Him,Refuge,True,1
740,"The vision is yet for an appointed time; though it tarries, wait for it; it will surely come, it will not tarry",Habakkuk 2:3,Habakkuk,2,3,3,God,,Habakkuk,Faithfulness;Hope,False,1
741,The just shall live by his faith,Habakkuk 2:4,Habakkuk,2,4,4,God,,The just,Faith;Life,True,1
742,The earth will be filled with the knowledge of the glory of the LORD as the waters cover the sea,Habakkuk 2:14,Habakkuk,2,14,14,God,,All the earth,Kingdom;Glory,False,1
743,"Seek the LORD, all you meek of the earth; it may be that you will be hidden in the day of the LORD's anger",Zephaniah 2:3,Zephaniah,2,3,3,God,through Zephaniah,The meek,Protection,True,1
744,"I will restore to the peoples a pure language, that they all may call on the name of the LORD to serve Him with one accord",Zephaniah 3:9,Zephaniah,3,9,9,God,,The nations,Restoration;Worship,False,1
745,"The LORD has taken away your judgments, cast out your enemy; the King of Israel, the LORD, is in your midst; you shall see disaster no more",Zephaniah 3:15,Zephaniah,3,15,15,God,,Zion,Deliverance;Presence,False,1
746,"The LORD your God in your midst, the Mighty One, will save; He will rejoice over you with gladness; He will quiet you with His love; He will rejoice over you with singing",Zephaniah 3:17,Zephaniah,3,17,17,God,,Zion / His people,Presence;Love;Salvation,False,1
747,I will save the lame and gather the outcast; I will give you fame and praise among all the peoples when I return your captives before your eyes,Zephaniah 3:19-20,Zephaniah,3,19,20,God,,Israel,Restoration;Honor,False,1
748,"I am with you, says the LORD",Haggai 1:13,Haggai,1,13,13,God,,The returned remnant,Presence,False,1
749,"Be strong and work, for I am with you; My Spirit remains among you; do not fear",Haggai 2:4-5,Haggai,2,4,5,God,,Zerubbabel / Joshua / Remnant,Presence;Holy Spirit,False,1
750,"I will shake all nations, and they shall come to the Desire of All Nations, and I will fill this temple with glory",Haggai 2:7,Haggai,2,7,7,God,,The nations / Israel,Messiah;Glory,False,1
751,"The glory of this latter temple shall be greater than the former, and in this place I will give peace",Haggai 2:9,Haggai,2,9,9,God,,Israel,Peace;Glory,False,1
752,From this day I will bless you,Haggai 2:19,Haggai,2,19,19,God,,The remnant,Blessing,False,1
753,"In that day I will take you, Zerubbabel My servant, and make you like a signet ring, for I have chosen you",Haggai 2:23,Haggai,2,23,23,God,,Zerubbabel,Election;Messiah (line),False,1
754,"Return to Me, and I will return to you",Zechariah 1:3,Zechariah,1,3,3,God,,Judah,Restoration;Presence,True,1
755,I am returning to Jerusalem with mercy; My house shall be built in it; My cities shall again spread out through prosperity; the LORD will again comfort Zion,Zechariah 1:16-17,Zechariah,1,16,17,God,,Jerusalem / Zion,Mercy;Restoration,False,1
756,"I will be a wall of fire all around her, and I will be the glory in her midst",Zechariah 2:5,Zechariah,2,5,5,God,,Jerusalem,Protection;Presence,False,1
757,"Sing and rejoice, O daughter of Zion, for I am coming and will dwell in your midst; many nations shall be joined to the LORD in that day and shall become My people",Zechariah 2:10-11,Zechariah,2,10,11,God,,Zion / The nations,Presence;Kingdom,False,1
758,"Behold, I am bringing forth My Servant the BRANCH; I will remove the iniquity of that land in one day",Zechariah 3:8-9,Zechariah,3,8,9,God,,Joshua the priest / Israel,Messiah;Forgiveness,False,1
759,I will return to Zion and dwell in the midst of Jerusalem; Jerusalem shall be called the City of Truth,Zechariah 8:3,Zechariah,8,3,3,God,,Zion,Presence;Restoration,False,1
760,"I will save My people from the land of the east and the west; they shall dwell in Jerusalem; they shall be My people, and I will be their God in truth and righteousness",Zechariah 8:7-8,Zechariah,8,7,8,God,,Israel,Restoration;Covenant,False,1
761,"The seed shall be prosperous, the vine give its fruit, the heavens their dew; as you were a curse among the nations, so I will save you, and you shall be a blessing",Zechariah 8:12-13,Zechariah,8,12,13,God,,Judah / Israel,Provision;Blessing,False,1
762,"Behold, your King is coming to you; He is just and having salvation, lowly and riding on a donkey",Zechariah 9:9,Zechariah,9,9,9,God,,Zion,Messiah,False,1
763,"The LORD their God will save them in that day, as the flock of His people; they shall be like the jewels of a crown",Zechariah 9:16,Zechariah,9,16,16,God,,His people,Salvation,False,1
764,I will strengthen the house of Judah and save the house of Joseph; I will bring them back because I have mercy on them; they shall be as though I had not cast them aside,Zechariah 10:6,Zechariah,10,6,6,God,,Judah / Joseph,Strength;Mercy;Restoration,False,1
765,I will pour on the house of David and the inhabitants of Jerusalem the Spirit of grace and supplication; they will look on Me whom they pierced and mourn,Zechariah 12:10,Zechariah,12,10,10,God,,House of David / Jerusalem,Holy Spirit;Repentance;Messiah,False,1
766,"In that day a fountain shall be opened for the house of David and the inhabitants of Jerusalem, for sin and for uncleanness",Zechariah 13:1,Zechariah,13,1,1,God,,House of David / Jerusalem,Cleansing;Redemption,False,1
767,"I will bring the third through the fire and refine them as silver; they will call on My name, and I will answer them; I will say, This is My people",Zechariah 13:9,Zechariah,13,9,9,God,,The refined remnant,Sanctification;Covenant,False,1
768,"The LORD shall be King over all the earth; in that day it shall be — the LORD is one, and His name one",Zechariah 14:9,Zechariah,14,9,9,God,through Zechariah,All the earth,Kingdom,False,1
769,From the rising of the sun to its going down My name shall be great among the Gentiles; in every place incense shall be offered to My name,Malachi 1:11,Malachi,1,11,11,God,,The Gentiles,Worship;Kingdom,False,1
770,"Behold, I send My messenger, and he will prepare the way before Me; and the Lord whom you seek will suddenly come to His temple",Malachi 3:1,Malachi,3,1,1,God,,Israel,Messiah;Prophecy,False,1
771,"I am the LORD, I do not change; therefore you are not consumed, O sons of Jacob",Malachi 3:6,Malachi,3,6,6,God,,Jacob's sons,Faithfulness;Mercy,False,1
772,"Return to Me, and I will return to you",Malachi 3:7,Malachi,3,7,7,God,,Israel,Restoration,True,1
773,"Bring all the tithes into the storehouse, and try Me in this — if I will not open for you the windows of heaven and pour out such blessing that there will not be room enough to receive it; I will rebuke the devourer for your sakes",Malachi 3:10-11,Malachi,3,10,11,God,,Israel,Provision;Blessing,True,1
774,"A book of remembrance was written for those who fear the LORD; they shall be Mine on the day I make them My jewels, and I will spare them",Malachi 3:16-17,Malachi,3,16,17,God,,Those who fear Him,Reward;Mercy,False,1
775,To you who fear My name the Sun of Righteousness shall arise with healing in His wings,Malachi 4:2,Malachi,4,2,2,God,,Those who fear His name,Messiah;Healing,True,1
776,"Behold, I will send you Elijah the prophet before the coming of the great and dreadful day of the LORD, and he will turn the hearts of the fathers to the children",Malachi 4:5-6,Malachi,4,5,6,God,,Israel,Prophecy;Restoration,False,1
777,"She will bring forth a Son, and you shall call His name JESUS, for He will save His people from their sins",Matthew 1:21,Matthew,1,21,21,God,through the angel,Joseph / God's people,Salvation;Messiah,False,1
778,"Blessed are the poor in spirit, for theirs is the kingdom of heaven",Matthew 5:3,Matthew,5,3,3,Jesus,,The poor in spirit,Kingdom,True,1
779,"Blessed are those who mourn, for they shall be comforted",Matthew 5:4,Matthew,5,4,4,Jesus,,Those who mourn,Comfort,True,1
780,"Blessed are the meek, for they shall inherit the earth",Matthew 5:5,Matthew,5,5,5,Jesus,,The meek,Inheritance,True,1
781,"Blessed are those who hunger and thirst for righteousness, for they shall be filled",Matthew 5:6,Matthew,5,6,6,Jesus,,The hungry for righteousness,Satisfaction;Righteousness,True,1
782,"Blessed are the merciful, for they shall obtain mercy",Matthew 5:7,Matthew,5,7,7,Jesus,,The merciful,Mercy,True,1
783,"Blessed are the pure in heart, for they shall see God",Matthew 5:8,Matthew,5,8,8,Jesus,,The pure in heart,Presence;Glory,True,1
784,"Blessed are the peacemakers, for they shall be called sons of God",Matthew 5:9,Matthew,5,9,9,Jesus,,Peacemakers,Adoption,True,1
785,Blessed are those persecuted for righteousness' sake — great is your reward in heaven,Matthew 5:10-12,Matthew,5,10,12,Jesus,,The persecuted,Reward;Kingdom,True,1
786,Your Father who sees in secret will Himself reward you openly,Matthew 6:4,Matthew,6,4,4,Jesus,,The secret giver,Reward,True,1
787,"Pray to your Father in the secret place, and your Father who sees in secret will reward you openly",Matthew 6:6,Matthew,6,6,6,Jesus,,The praying,Prayer;Reward,True,1
788,"If you forgive men their trespasses, your heavenly Father will also forgive you",Matthew 6:14,Matthew,6,14,14,Jesus,,Disciples,Forgiveness,True,1
789,"If God so clothes the grass of the field, will He not much more clothe you, O you of little faith?",Matthew 6:30,Matthew,6,30,30,Jesus,,Disciples,Provision,False,1
790,"Seek first the kingdom of God and His righteousness, and all these things shall be added to you",Matthew 6:33,Matthew,6,33,33,Jesus,,Disciples,Provision,True,1
791,"Ask, and it will be given to you; seek, and you will find; knock, and it will be opened to you",Matthew 7:7-8,Matthew,7,7,8,Jesus,,Disciples,Prayer,True,1
792,"If you, being evil, know how to give good gifts, how much more will your Father in heaven give good things to those who ask Him",Matthew 7:11,Matthew,7,11,11,Jesus,,Those who ask,Provision;Prayer,True,1
793,"Do not worry how or what you should speak, for it will be given to you in that hour; it is the Spirit of your Father who speaks in you",Matthew 10:19-20,Matthew,10,19,20,Jesus,,Disciples,Holy Spirit;Wisdom,False,1
794,He who endures to the end will be saved,Matthew 10:22,Matthew,10,22,22,Jesus,,Disciples,Salvation;Perseverance,True,1
795,Not one sparrow falls apart from your Father's will; the very hairs of your head are numbered — you are of more value than many sparrows,Matthew 10:29-31,Matthew,10,29,31,Jesus,,Disciples,Providence;Care,False,1
796,"Whoever confesses Me before men, him I will also confess before My Father in heaven",Matthew 10:32,Matthew,10,32,32,Jesus,,Confessors,Reward;Acknowledgment,True,1
797,He who loses his life for My sake will find it,Matthew 10:39,Matthew,10,39,39,Jesus,,Disciples,Life,True,1
798,Whoever gives one of these little ones only a cup of cold water in the name of a disciple shall by no means lose his reward,Matthew 10:42,Matthew,10,42,42,Jesus,,The generous,Reward,True,1
799,"Come to Me, all you who labor and are heavy laden, and I will give you rest",Matthew 11:28,Matthew,11,28,28,Jesus,,The weary,Rest;Peace,True,1
800,"Take My yoke upon you and learn from Me, and you will find rest for your souls",Matthew 11:29,Matthew,11,29,29,Jesus,,The weary,Rest,True,1
801,"A bruised reed He will not break, and smoking flax He will not quench, till He sends forth justice to victory",Matthew 12:20,Matthew,12,20,20,God,"through Isaiah, of Jesus",The bruised,Mercy;Justice,False,1
802,"On this rock I will build My church, and the gates of Hades shall not prevail against it",Matthew 16:18,Matthew,16,18,18,Jesus,,The Church,Church;Victory,False,1
803,"The Son of Man will come in the glory of His Father with His angels, and He will reward each according to his works",Matthew 16:27,Matthew,16,27,27,Jesus,,All people,Second Coming;Reward,False,1
804,"If you have faith as a mustard seed, nothing will be impossible for you",Matthew 17:20,Matthew,17,20,20,Jesus,,Disciples,Faith;Power,True,1
805,"If two of you agree on earth concerning anything they ask, it will be done for them by My Father; where two or three are gathered in My name, I am there in the midst of them",Matthew 18:19-20,Matthew,18,19,20,Jesus,,Disciples,Prayer;Presence,True,1
806,In the regeneration you who have followed Me will sit on twelve thrones; everyone who has left houses or family for My name's sake shall receive a hundredfold and inherit eternal life,Matthew 19:28-29,Matthew,19,28,29,Jesus,,Disciples / All who sacrifice,Reward;Eternal Life,True,1
807,"Whatever things you ask in prayer, believing, you will receive",Matthew 21:22,Matthew,21,22,22,Jesus,,Disciples,Prayer,True,1
808,He who endures to the end shall be saved,Matthew 24:13,Matthew,24,13,13,Jesus,,Disciples,Salvation;Perseverance,True,1
809,"This gospel of the kingdom will be preached in all the world as a witness to all the nations, and then the end will come",Matthew 24:14,Matthew,24,14,14,Jesus,,All nations,Kingdom;Prophecy,False,1
810,They will see the Son of Man coming on the clouds of heaven with power and great glory,Matthew 24:30,Matthew,24,30,30,Jesus,,All tribes of the earth,Second Coming,False,1
811,"Heaven and earth will pass away, but My words will by no means pass away",Matthew 24:35,Matthew,24,35,35,Jesus,,All hearers,Faithfulness,False,1
812,"Come, you blessed of My Father, inherit the kingdom prepared for you from the foundation of the world",Matthew 25:34,Matthew,25,34,34,Jesus,,The righteous,Kingdom;Inheritance,False,1
813,"This is My blood of the new covenant, which is shed for many for the remission of sins",Matthew 26:28,Matthew,26,28,28,Jesus,,The many,New Covenant;Forgiveness,False,1
814,"Hereafter you will see the Son of Man sitting at the right hand of the Power, and coming on the clouds of heaven",Matthew 26:64,Matthew,26,64,64,Jesus,,The Sanhedrin / All,Second Coming,False,1
815,"Lo, I am with you always, even to the end of the age",Matthew 28:20,Matthew,28,20,20,Jesus,,Disciples / The Church,Presence,False,1
816,"Follow Me, and I will make you become fishers of men",Mark 1:17,Mark,1,17,17,Jesus,,Simon and Andrew,Commission;Transformation,True,1
817,"If you can believe, all things are possible to him who believes",Mark 9:23,Mark,9,23,23,Jesus,,The believing,Faith;Power,True,1
818,"With men it is impossible, but not with God; for with God all things are possible",Mark 10:27,Mark,10,27,27,Jesus,,Disciples,Power;Salvation,False,1
819,"No one who has left house or family for My sake and the gospel's shall fail to receive a hundredfold now, with persecutions, and in the age to come eternal life",Mark 10:29-30,Mark,10,29,30,Jesus,,All who sacrifice,Reward;Eternal Life,True,1
820,"Whatever things you ask when you pray, believe that you receive them, and you will have them",Mark 11:24,Mark,11,24,24,Jesus,,Disciples,Prayer,True,1
821,"Whenever you stand praying, forgive, that your Father in heaven may also forgive you your trespasses",Mark 11:25,Mark,11,25,25,Jesus,,Disciples,Forgiveness,True,1
822,"Whatever is given you in that hour, speak that; for it is not you who speak, but the Holy Spirit",Mark 13:11,Mark,13,11,11,Jesus,,Disciples,Holy Spirit,False,1
823,They will see the Son of Man coming in the clouds with great power and glory; He will send His angels and gather His elect from the four winds,Mark 13:26-27,Mark,13,26,27,Jesus,,The elect,Second Coming;Gathering,False,1
824,He who believes and is baptized will be saved,Mark 16:16,Mark,16,16,16,Jesus,,All who believe,Salvation,True,1
825,"He will be great and will be called the Son of the Highest; the Lord God will give Him the throne of His father David, and He will reign over the house of Jacob forever",Luke 1:32-33,Luke,1,32,33,God,through Gabriel,Mary / Israel,Messiah;Kingdom,False,1
826,With God nothing will be impossible,Luke 1:37,Luke,1,37,37,God,through Gabriel,Mary,Power,False,1
827,"Good tidings of great joy to all people: there is born to you this day in the city of David a Savior, who is Christ the Lord",Luke 2:10-11,Luke,2,10,11,God,through the angel,All people,Messiah;Salvation;Joy,False,1
828,"Blessed are you who hunger now, for you shall be filled; blessed are you who weep now, for you shall laugh",Luke 6:21,Luke,6,21,21,Jesus,,The hungry and weeping,Comfort;Satisfaction,True,1
829,"Love your enemies, do good, and lend, hoping for nothing in return; and your reward will be great, and you will be sons of the Most High",Luke 6:35,Luke,6,35,35,Jesus,,Disciples,Reward;Adoption,True,1
830,"Give, and it will be given to you: good measure, pressed down, shaken together, and running over",Luke 6:38,Luke,6,38,38,Jesus,,The generous,Provision,True,1
831,"Behold, I give you the authority to trample on serpents and scorpions, and over all the power of the enemy, and nothing shall by any means hurt you",Luke 10:19,Luke,10,19,19,Jesus,,The seventy / Disciples,Authority;Protection,False,1
832,"If you know how to give good gifts to your children, how much more will your heavenly Father give the Holy Spirit to those who ask Him",Luke 11:13,Luke,11,13,13,Jesus,,Those who ask,Holy Spirit,True,1
833,"Everyone who confesses Me before men, the Son of Man also will confess before the angels of God",Luke 12:8,Luke,12,8,8,Jesus,,Confessors,Acknowledgment,True,1
834,"Seek the kingdom of God, and all these things shall be added to you; do not fear, little flock, for it is your Father's good pleasure to give you the kingdom",Luke 12:31-32,Luke,12,31,32,Jesus,,Disciples,Kingdom;Provision,True,1
835,"No one who has left house or family for the sake of the kingdom of God shall fail to receive many times more in this present time, and in the age to come eternal life",Luke 18:29-30,Luke,18,29,30,Jesus,,All who sacrifice,Reward;Eternal Life,True,1
836,I will give you a mouth and wisdom which all your adversaries will not be able to contradict or resist,Luke 21:15,Luke,21,15,15,Jesus,,Disciples,Wisdom,False,1
837,Not a hair of your head shall be lost; by your patience possess your souls,Luke 21:18,Luke,21,18,18,Jesus,,Disciples,Protection,False,1
838,"They will see the Son of Man coming in a cloud with power and great glory; when these things begin, lift up your heads, because your redemption draws near",Luke 21:27-28,Luke,21,27,28,Jesus,,Disciples,Second Coming;Redemption,False,1
839,"I bestow upon you a kingdom, just as My Father bestowed one upon Me, that you may eat and drink at My table and sit on thrones",Luke 22:29-30,Luke,22,29,30,Jesus,,The apostles,Kingdom;Reward,False,1
840,"Assuredly, I say to you, today you will be with Me in Paradise",Luke 23:43,Luke,23,43,43,Jesus,,The repentant thief,Eternal Life;Presence,False,1
841,"Behold, I send the Promise of My Father upon you; tarry in Jerusalem until you are endued with power from on high",Luke 24:49,Luke,24,49,49,Jesus,,Disciples,Holy Spirit;Power,False,1
842,"As many as received Him, to them He gave the right to become children of God, to those who believe in His name",John 1:12,John,1,12,12,God,through John,All who receive Him,Adoption,True,1
843,Whoever believes in Him should not perish but have eternal life,John 3:15,John,3,15,15,Jesus,,All who believe,Eternal Life,True,1
844,"God so loved the world that He gave His only begotten Son, that whoever believes in Him should not perish but have everlasting life",John 3:16,John,3,16,16,God,,The world / All who believe,Salvation;Eternal Life,True,1
845,He who believes in the Son has everlasting life,John 3:36,John,3,36,36,Jesus,through John the Baptist,All who believe,Eternal Life,True,1
846,Whoever drinks of the water I give will never thirst; it will become in him a fountain of water springing up into everlasting life,John 4:14,John,4,14,14,Jesus,,The Samaritan woman / All,Eternal Life;Satisfaction,True,1
847,"He who hears My word and believes in Him who sent Me has everlasting life and shall not come into judgment, but has passed from death into life",John 5:24,John,5,24,24,Jesus,,All who believe,Eternal Life;Justification,True,1
848,The hour is coming when all who are in the graves will hear His voice and come forth — to the resurrection of life or of condemnation,John 5:28-29,John,5,28,29,Jesus,,All the dead,Resurrection;Judgment,False,1
849,"I am the bread of life; he who comes to Me shall never hunger, and he who believes in Me shall never thirst",John 6:35,John,6,35,35,Jesus,,All who come,Satisfaction;Life,True,1
850,"All that the Father gives Me will come to Me, and the one who comes to Me I will by no means cast out",John 6:37,John,6,37,37,Jesus,,All who come,Acceptance;Security,False,1
851,"This is the Father's will: that of all He has given Me I should lose nothing, but raise it up at the last day; everyone who believes in the Son has everlasting life",John 6:39-40,John,6,39,40,Jesus,,All who believe,Security;Resurrection,False,1
852,"If anyone eats of this bread, he will live forever; and the bread I give is My flesh, which I give for the life of the world",John 6:51,John,6,51,51,Jesus,,All who partake,Eternal Life;Atonement,True,1
853,"Whoever eats My flesh and drinks My blood has eternal life, and I will raise him up at the last day",John 6:54,John,6,54,54,Jesus,,All who partake,Eternal Life;Resurrection,True,1
854,"He who believes in Me, out of his heart will flow rivers of living water — this He spoke concerning the Spirit",John 7:38-39,John,7,38,39,Jesus,,All who believe,Holy Spirit,True,1
855,"I am the light of the world; he who follows Me shall not walk in darkness, but have the light of life",John 8:12,John,8,12,12,Jesus,,All who follow,Light;Life,True,1
856,"If you abide in My word, you are My disciples indeed; and you shall know the truth, and the truth shall make you free",John 8:31-32,John,8,31,32,Jesus,,Believers,Freedom;Truth,True,1
857,"If the Son makes you free, you shall be free indeed",John 8:36,John,8,36,36,Jesus,,All whom He frees,Freedom,True,1
858,"If anyone keeps My word, he shall never see death",John 8:51,John,8,51,51,Jesus,,All who keep His word,Eternal Life,True,1
859,"I am the door; if anyone enters by Me, he will be saved, and will go in and out and find pasture",John 10:9,John,10,9,9,Jesus,,His sheep,Salvation;Provision,True,1
860,"I have come that they may have life, and that they may have it more abundantly",John 10:10,John,10,10,10,Jesus,,His sheep,Life;Abundance,False,1
861,"I give them eternal life, and they shall never perish; neither shall anyone snatch them out of My hand",John 10:28,John,10,28,28,Jesus,,His sheep,Eternal Life;Security,False,1
862,"My Father, who has given them to Me, is greater than all; and no one is able to snatch them out of My Father's hand",John 10:29,John,10,29,29,Jesus,,His sheep,Security,False,1
863,"I am the resurrection and the life; he who believes in Me, though he may die, he shall live; and whoever lives and believes in Me shall never die",John 11:25-26,John,11,25,26,Jesus,,All who believe,Resurrection;Eternal Life,True,1
864,"If anyone serves Me, let him follow Me; and where I am, there My servant will be also; him My Father will honor",John 12:26,John,12,26,26,Jesus,,His servants,Presence;Honor,True,1
865,"And I, if I am lifted up from the earth, will draw all peoples to Myself",John 12:32,John,12,32,32,Jesus,,All peoples,Redemption;The Cross,False,1
866,"Where I am going you cannot follow Me now, but you shall follow Me afterward",John 13:36,John,13,36,36,Jesus,,Peter,Hope;Presence,False,1
867,"In My Father's house are many mansions; I go to prepare a place for you; I will come again and receive you to Myself, that where I am, there you may be also",John 14:2-3,John,14,2,3,Jesus,,Disciples / Believers,Heaven;Second Coming,False,1
868,"He who believes in Me, the works that I do he will do also; and greater works than these he will do, because I go to My Father",John 14:12,John,14,12,12,Jesus,,Believers,Power;Commission,True,1
869,"Whatever you ask in My name, that I will do, that the Father may be glorified in the Son; if you ask anything in My name, I will do it",John 14:13-14,John,14,13,14,Jesus,,Disciples,Prayer,True,1
870,"I will pray the Father, and He will give you another Helper, that He may abide with you forever — the Spirit of truth",John 14:16-17,John,14,16,17,Jesus,,Disciples / Believers,Holy Spirit,False,1
871,I will not leave you orphans; I will come to you,John 14:18,John,14,18,18,Jesus,,Disciples,Presence;Comfort,False,1
872,"He who loves Me will be loved by My Father, and I will love him and manifest Myself to him",John 14:21,John,14,21,21,Jesus,,Those who love Him,Love;Presence,True,1
873,"If anyone loves Me, he will keep My word; and My Father will love him, and We will come to him and make Our home with him",John 14:23,John,14,23,23,Jesus,,Those who love Him,Presence;Love,True,1
874,"The Helper, the Holy Spirit, whom the Father will send in My name, He will teach you all things and bring to your remembrance all that I said to you",John 14:26,John,14,26,26,Jesus,,Disciples,Holy Spirit;Wisdom,False,1
875,"Peace I leave with you, My peace I give to you; not as the world gives do I give to you; let not your heart be troubled",John 14:27,John,14,27,27,Jesus,,Disciples / Believers,Peace,False,1
876,"He who abides in Me, and I in him, bears much fruit; for without Me you can do nothing",John 15:5,John,15,5,5,Jesus,,Believers,Fruitfulness,True,1
877,"If you abide in Me and My words abide in you, you will ask what you desire, and it shall be done for you",John 15:7,John,15,7,7,Jesus,,Abiding believers,Prayer,True,1
878,"If you keep My commandments, you will abide in My love; these things I have spoken that My joy may remain in you, and that your joy may be full",John 15:10-11,John,15,10,11,Jesus,,Disciples,Love;Joy,True,1
879,"When the Helper comes, whom I shall send from the Father, the Spirit of truth, He will testify of Me",John 15:26,John,15,26,26,Jesus,,Disciples,Holy Spirit,False,1
880,"When the Spirit of truth has come, He will guide you into all truth and tell you things to come",John 16:13,John,16,13,13,Jesus,,Disciples,Holy Spirit;Guidance,False,1
881,"I will see you again and your heart will rejoice, and your joy no one will take from you",John 16:22,John,16,22,22,Jesus,,Disciples,Joy;Resurrection,False,1
882,"Whatever you ask the Father in My name He will give you; ask, and you will receive, that your joy may be full",John 16:23-24,John,16,23,24,Jesus,,Disciples,Prayer;Joy,True,1
883,"In the world you will have tribulation; but be of good cheer, I have overcome the world",John 16:33,John,16,33,33,Jesus,,Disciples / Believers,Peace;Victory,False,1
884,"Father, I desire that they whom You gave Me may be with Me where I am, that they may behold My glory",John 17:24,John,17,24,24,Jesus,praying the Father's promise,Believers,Presence;Glory,False,1
885,Blessed are those who have not seen and yet have believed,John 20:29,John,20,29,29,Jesus,,Future believers,Blessing,True,1
886,"John truly baptized with water, but you shall be baptized with the Holy Spirit not many days from now",Acts 1:5,Acts,1,5,5,Jesus,,The apostles,Holy Spirit,False,1
887,"You shall receive power when the Holy Spirit has come upon you, and you shall be witnesses to Me to the end of the earth",Acts 1:8,Acts,1,8,8,Jesus,,The apostles / The Church,Holy Spirit;Power,False,1
888,"This same Jesus, who was taken up from you into heaven, will so come in like manner as you saw Him go into heaven",Acts 1:11,Acts,1,11,11,God,through the angels,The apostles,Second Coming,False,1
889,Whoever calls on the name of the LORD shall be saved,Acts 2:21,Acts,2,21,21,God,"through Joel, cited by Peter",All who call,Salvation,True,1
890,"Repent and be baptized in the name of Jesus Christ for the remission of sins, and you shall receive the gift of the Holy Spirit — for the promise is to you, your children, and all who are afar off",Acts 2:38-39,Acts,2,38,39,God,through Peter,All whom God calls,Forgiveness;Holy Spirit,True,1
891,"Repent, that your sins may be blotted out, so that times of refreshing may come from the presence of the Lord, and that He may send Jesus Christ",Acts 3:19-21,Acts,3,19,21,God,through Peter,Israel,Forgiveness;Second Coming,True,1
892,"Believe on the Lord Jesus Christ, and you will be saved, you and your household",Acts 16:31,Acts,16,31,31,God,through Paul and Silas,The Philippian jailer / All,Salvation,True,1
893,"Do not be afraid, but speak; for I am with you, and no one will attack you to hurt you, for I have many people in this city",Acts 18:9-10,Acts,18,9,10,Jesus,,Paul,Presence;Protection,False,1
894,"Be of good cheer, Paul; as you have testified for Me in Jerusalem, so you must also bear witness at Rome",Acts 23:11,Acts,23,11,11,Jesus,,Paul,Commission;Protection,False,1
895,"Do not be afraid, Paul; you must be brought before Caesar, and God has granted you all those who sail with you",Acts 27:24,Acts,27,24,24,God,through the angel,Paul,Protection;Deliverance,False,1
896,"The gospel is the power of God to salvation for everyone who believes, for the Jew first and also for the Greek",Romans 1:16,Romans,1,16,16,God,through Paul,All who believe,Salvation,True,1
897,"To him who does not work but believes on Him who justifies the ungodly, his faith is accounted for righteousness",Romans 4:5,Romans,4,5,5,God,through Paul,All who believe,Justification,True,1
898,"Having been justified by faith, we have peace with God through our Lord Jesus Christ",Romans 5:1,Romans,5,1,1,God,through Paul,The justified,Peace;Justification,False,1
899,"Having now been justified by His blood, we shall be saved from wrath through Him",Romans 5:9,Romans,5,9,9,God,through Paul,The justified,Salvation;The Cross,False,1
900,"Sin shall not have dominion over you, for you are not under law but under grace",Romans 6:14,Romans,6,14,14,God,through Paul,Believers,Victory;Grace,False,1
901,The gift of God is eternal life in Christ Jesus our Lord,Romans 6:23,Romans,6,23,23,God,through Paul,Believers,Eternal Life,False,1
902,There is therefore now no condemnation to those who are in Christ Jesus,Romans 8:1,Romans,8,1,1,God,through Paul,Those in Christ,Justification;Security,False,1
903,He who raised Christ from the dead will also give life to your mortal bodies through His Spirit who dwells in you,Romans 8:11,Romans,8,11,11,God,through Paul,Believers,Resurrection;Holy Spirit,False,1
904,"The Spirit Himself bears witness that we are children of God — and if children, then heirs of God and joint heirs with Christ",Romans 8:16-17,Romans,8,16,17,God,through Paul,Believers,Adoption;Inheritance,False,1
905,The sufferings of this present time are not worthy to be compared with the glory which shall be revealed in us,Romans 8:18,Romans,8,18,18,God,through Paul,Believers,Glory;Hope,False,1
906,The Spirit helps in our weaknesses and makes intercession for us with groanings which cannot be uttered,Romans 8:26,Romans,8,26,26,God,through Paul,Believers,Holy Spirit;Prayer,False,1
907,"All things work together for good to those who love God, to those who are the called according to His purpose",Romans 8:28,Romans,8,28,28,God,through Paul,Those who love God,Providence,True,1
908,Whom He predestined He also called; whom He called He also justified; and whom He justified He also glorified,Romans 8:30,Romans,8,30,30,God,through Paul,The called,Salvation;Glorification,False,1
909,"He who did not spare His own Son but delivered Him up for us all, how shall He not with Him also freely give us all things?",Romans 8:32,Romans,8,32,32,God,through Paul,Believers,Provision;The Cross,False,1
910,In all these things we are more than conquerors; nothing shall be able to separate us from the love of God which is in Christ Jesus our Lord,Romans 8:37-39,Romans,8,37,39,God,through Paul,Believers,Security;Love;Victory,False,1
911,"If you confess with your mouth the Lord Jesus and believe in your heart that God has raised Him from the dead, you will be saved",Romans 10:9,Romans,10,9,9,God,through Paul,All who confess and believe,Salvation;Resurrection,True,1
912,Whoever believes on Him will not be put to shame,Romans 10:11,Romans,10,11,11,God,"through Paul, citing Isaiah",All who believe,Honor;Security,True,1
913,Whoever calls on the name of the LORD shall be saved,Romans 10:13,Romans,10,13,13,God,"through Paul, citing Joel",All who call,Salvation,True,1
914,"All Israel will be saved: the Deliverer will come out of Zion and turn away ungodliness from Jacob, for this is My covenant when I take away their sins",Romans 11:26-27,Romans,11,26,27,God,through Paul,Israel,Salvation;Covenant,False,1
915,The gifts and the calling of God are irrevocable,Romans 11:29,Romans,11,29,29,God,through Paul,Israel / The called,Faithfulness,False,1
916,The God of peace will crush Satan under your feet shortly,Romans 16:20,Romans,16,20,20,God,through Paul,Believers,Victory,False,1
917,"He will confirm you to the end, blameless in the day of our Lord Jesus Christ; God is faithful, by whom you were called",1 Corinthians 1:8-9,1 Corinthians,1,8,9,God,through Paul,Believers,Perseverance;Faithfulness,False,1
918,"Eye has not seen, nor ear heard, the things which God has prepared for those who love Him",1 Corinthians 2:9,1 Corinthians,2,9,9,God,through Paul,Those who love Him,Reward;Glory,False,1
919,Each one will receive his own reward according to his own labor,1 Corinthians 3:8,1 Corinthians,3,8,8,God,through Paul,God's workers,Reward,True,1
920,"No temptation has overtaken you except such as is common to man; God is faithful, who will not allow you to be tempted beyond what you are able, but will also make the way of escape",1 Corinthians 10:13,1 Corinthians,10,13,13,God,through Paul,Believers,Faithfulness;Deliverance,False,1
921,"As in Adam all die, even so in Christ all shall be made alive",1 Corinthians 15:22,1 Corinthians,15,22,22,God,through Paul,Those in Christ,Resurrection,False,1
922,"We shall all be changed — in a moment, in the twinkling of an eye, at the last trumpet; the dead will be raised incorruptible",1 Corinthians 15:51-52,1 Corinthians,15,51,52,God,through Paul,Believers,Resurrection,False,1
923,"Thanks be to God, who gives us the victory through our Lord Jesus Christ",1 Corinthians 15:57,1 Corinthians,15,57,57,God,through Paul,Believers,Victory,False,1
924,"All the promises of God in Him are Yes, and in Him Amen, to the glory of God through us",2 Corinthians 1:20,2 Corinthians,1,20,20,God,through Paul,Believers,Faithfulness,False,1
925,"God has anointed us, sealed us, and given us the Spirit in our hearts as a guarantee",2 Corinthians 1:21-22,2 Corinthians,1,21,22,God,through Paul,Believers,Holy Spirit;Security,False,1
926,"He who raised up the Lord Jesus will also raise us up with Jesus, and will present us with you",2 Corinthians 4:14,2 Corinthians,4,14,14,God,through Paul,Believers,Resurrection,False,1
927,"Our light affliction, which is but for a moment, is working for us a far more exceeding and eternal weight of glory",2 Corinthians 4:17,2 Corinthians,4,17,17,God,through Paul,Believers,Glory;Hope,False,1
928,"If our earthly house is destroyed, we have a building from God, a house not made with hands, eternal in the heavens",2 Corinthians 5:1,2 Corinthians,5,1,1,God,through Paul,Believers,Heaven;Resurrection,False,1
929,"If anyone is in Christ, he is a new creation; old things have passed away; behold, all things have become new",2 Corinthians 5:17,2 Corinthians,5,17,17,God,through Paul,Those in Christ,New Creation,True,1
930,"He made Him who knew no sin to be sin for us, that we might become the righteousness of God in Him",2 Corinthians 5:21,2 Corinthians,5,21,21,God,through Paul,Believers,Justification;The Cross,False,1
931,"I will dwell in them and walk among them; I will be their God, and they shall be My people; I will be a Father to you, and you shall be My sons and daughters",2 Corinthians 6:16-18,2 Corinthians,6,16,18,God,cited by Paul,The Church,Presence;Adoption,True,1
932,"God is able to make all grace abound toward you, that you, always having all sufficiency in all things, may have an abundance for every good work",2 Corinthians 9:8,2 Corinthians,9,8,8,God,through Paul,The generous,Grace;Provision,False,1
933,"My grace is sufficient for you, for My strength is made perfect in weakness",2 Corinthians 12:9,2 Corinthians,12,9,9,Jesus,,Paul / Believers,Grace;Strength,False,1
934,"The Scripture, foreseeing that God would justify the Gentiles by faith, preached the gospel to Abraham beforehand: In you all the nations shall be blessed",Galatians 3:8,Galatians,3,8,8,God,through Paul,The Gentiles,Justification;Blessing,False,1
935,"The blessing of Abraham comes upon the Gentiles in Christ Jesus, that we might receive the promise of the Spirit through faith",Galatians 3:14,Galatians,3,14,14,God,through Paul,Believing Gentiles,Holy Spirit;Blessing,True,1
936,"You are all sons of God through faith in Christ Jesus; if you are Christ's, then you are Abraham's seed, and heirs according to the promise",Galatians 3:26-29,Galatians,3,26,29,God,through Paul,All in Christ,Adoption;Inheritance,True,1
937,He who sows to the Spirit will of the Spirit reap everlasting life,Galatians 6:8,Galatians,6,8,8,God,through Paul,Believers,Eternal Life,True,1
938,"Let us not grow weary while doing good, for in due season we shall reap if we do not lose heart",Galatians 6:9,Galatians,6,9,9,God,through Paul,Believers,Reward;Harvest,True,1
939,"Having believed, you were sealed with the Holy Spirit of promise, who is the guarantee of our inheritance until the redemption of the purchased possession",Ephesians 1:13-14,Ephesians,1,13,14,God,through Paul,Believers,Holy Spirit;Inheritance;Security,False,1
940,"God raised us up together and made us sit together in the heavenly places in Christ, that in the ages to come He might show the exceeding riches of His grace",Ephesians 2:6-7,Ephesians,2,6,7,God,through Paul,Believers,Grace;Glory,False,1
941,"He is able to do exceedingly abundantly above all that we ask or think, according to the power that works in us",Ephesians 3:20,Ephesians,3,20,20,God,through Paul,The Church,Power;Prayer,False,1
942,Honor your father and mother — the first commandment with promise — that it may be well with you and you may live long on the earth,Ephesians 6:2-3,Ephesians,6,2,3,God,through Paul,Children / Believers,Blessing;Life,True,1
943,"Whatever good anyone does, he will receive the same from the Lord, whether he is a slave or free",Ephesians 6:8,Ephesians,6,8,8,God,through Paul,All believers,Reward,True,1
944,He who has begun a good work in you will complete it until the day of Jesus Christ,Philippians 1:6,Philippians,1,6,6,God,through Paul,Believers,Perseverance;Sanctification,False,1
945,"God has highly exalted Him and given Him the name above every name, that at the name of Jesus every knee should bow and every tongue confess that Jesus Christ is Lord",Philippians 2:9-11,Philippians,2,9,11,God,through Paul,Christ / All creation,Messiah;Kingdom,False,1
946,"Our citizenship is in heaven, from which we eagerly wait for the Savior, who will transform our lowly body to be conformed to His glorious body",Philippians 3:20-21,Philippians,3,20,21,God,through Paul,Believers,Resurrection;Second Coming,False,1
947,"The peace of God, which surpasses all understanding, will guard your hearts and minds through Christ Jesus",Philippians 4:7,Philippians,4,7,7,God,through Paul,The praying,Peace,True,1
948,My God shall supply all your need according to His riches in glory by Christ Jesus,Philippians 4:19,Philippians,4,19,19,God,through Paul,Believers,Provision,False,1
949,"He has delivered us from the power of darkness and conveyed us into the kingdom of the Son of His love, in whom we have redemption through His blood, the forgiveness of sins",Colossians 1:13-14,Colossians,1,13,14,God,through Paul,Believers,Redemption;Kingdom,False,1
950,"When Christ who is our life appears, then you also will appear with Him in glory",Colossians 3:4,Colossians,3,4,4,God,through Paul,Believers,Glory;Second Coming,False,1
951,"Whatever you do, do it heartily, as to the Lord; from the Lord you will receive the reward of the inheritance",Colossians 3:23-24,Colossians,3,23,24,God,through Paul,Believers,Reward;Inheritance,True,1
952,"If we believe that Jesus died and rose again, even so God will bring with Him those who sleep in Jesus",1 Thessalonians 4:14,1 Thessalonians,4,14,14,God,through Paul,Believers who have died,Resurrection,False,1
953,The Lord Himself will descend from heaven with a shout; the dead in Christ will rise first; then we who are alive shall be caught up together with them to meet the Lord in the air — and thus we shall always be with the Lord,1 Thessalonians 4:16-17,1 Thessalonians,4,16,17,God,through Paul,Believers,Second Coming;Resurrection,False,1
954,"God did not appoint us to wrath, but to obtain salvation through our Lord Jesus Christ",1 Thessalonians 5:9,1 Thessalonians,5,9,9,God,through Paul,Believers,Salvation,False,1
955,"May the God of peace Himself sanctify you completely; He who calls you is faithful, who also will do it",1 Thessalonians 5:23-24,1 Thessalonians,5,23,24,God,through Paul,Believers,Sanctification;Faithfulness,False,1
956,"It is a righteous thing with God to repay with tribulation those who trouble you, and to give you who are troubled rest when the Lord Jesus is revealed from heaven",2 Thessalonians 1:6-7,2 Thessalonians,1,6,7,God,through Paul,The persecuted,Justice;Rest,False,1
957,"The Lord is faithful, who will establish you and guard you from the evil one",2 Thessalonians 3:3,2 Thessalonians,3,3,3,God,through Paul,Believers,Faithfulness;Protection,False,1
958,Christ Jesus came into the world to save sinners,1 Timothy 1:15,1 Timothy,1,15,15,God,through Paul,Sinners,Salvation,False,1
959,"Godliness is profitable for all things, having promise of the life that now is and of that which is to come",1 Timothy 4:8,1 Timothy,4,8,8,God,through Paul,The godly,Life;Blessing,True,1
960,"God gives us richly all things to enjoy; those rich in good works store up a good foundation for the time to come, that they may lay hold on eternal life",1 Timothy 6:17-19,1 Timothy,6,17,19,God,through Paul,Believers,Provision;Reward,True,1
961,He is able to keep what I have committed to Him until that Day,2 Timothy 1:12,2 Timothy,1,12,12,God,through Paul,Believers,Security,False,1
962,"If we died with Him, we shall also live with Him; if we endure, we shall also reign with Him",2 Timothy 2:11-12,2 Timothy,2,11,12,God,through Paul,Believers,Life;Kingdom,True,1
963,"If we are faithless, He remains faithful; He cannot deny Himself",2 Timothy 2:13,2 Timothy,2,13,13,God,through Paul,Believers,Faithfulness,False,1
964,"There is laid up for me the crown of righteousness, which the Lord, the righteous Judge, will give on that Day — and to all who have loved His appearing",2 Timothy 4:8,2 Timothy,4,8,8,God,through Paul,All who love His appearing,Reward,True,1
965,The Lord will deliver me from every evil work and preserve me for His heavenly kingdom,2 Timothy 4:18,2 Timothy,4,18,18,God,through Paul,Paul / Believers,Deliverance;Kingdom,False,1
966,"In hope of eternal life which God, who cannot lie, promised before time began",Titus 1:2,Titus,1,2,2,God,through Paul,The elect,Eternal Life;Faithfulness,False,1
967,"We look for the blessed hope and glorious appearing of our great God and Savior Jesus Christ, who gave Himself for us to redeem us from every lawless deed",Titus 2:13-14,Titus,2,13,14,God,through Paul,Believers,Second Coming;Redemption,False,1
968,"According to His mercy He saved us, through the washing of regeneration and renewing of the Holy Spirit, that having been justified by His grace we should become heirs according to the hope of eternal life",Titus 3:5-7,Titus,3,5,7,God,through Paul,Believers,Salvation;Holy Spirit;Inheritance,False,1
969,"When He had by Himself purged our sins, He sat down at the right hand of the Majesty on high",Hebrews 1:3,Hebrews,1,3,3,God,through the writer,Believers,Redemption;The Cross,False,1
970,"Through death He destroyed him who had the power of death, the devil, and released those who through fear of death were all their lifetime subject to bondage",Hebrews 2:14-15,Hebrews,2,14,15,God,through the writer,Believers,Victory;Deliverance,False,1
971,There remains therefore a rest for the people of God,Hebrews 4:9,Hebrews,4,9,9,God,through the writer,God's people,Rest,False,1
972,"Let us come boldly to the throne of grace, that we may obtain mercy and find grace to help in time of need",Hebrews 4:16,Hebrews,4,16,16,God,through the writer,Believers,Grace;Mercy;Prayer,True,1
973,God is not unjust to forget your work and labor of love which you have shown toward His name,Hebrews 6:10,Hebrews,6,10,10,God,through the writer,Believers,Reward;Justice,False,1
974,"When God made a promise to Abraham, He swore by Himself: Surely blessing I will bless you, and multiplying I will multiply you",Hebrews 6:13-14,Hebrews,6,13,14,God,by oath,Abraham,Blessing;Faithfulness,False,1
975,"By two immutable things, in which it is impossible for God to lie, we have strong consolation — this hope we have as an anchor of the soul",Hebrews 6:18-19,Hebrews,6,18,19,God,through the writer,Believers,Hope;Faithfulness,False,1
976,"He is able to save to the uttermost those who come to God through Him, since He always lives to make intercession for them",Hebrews 7:25,Hebrews,7,25,25,God,through the writer,All who come to God through Christ,Salvation;Intercession,False,1
977,"I will put My laws in their mind and write them on their hearts; I will be their God, and they shall be My people",Hebrews 8:10,Hebrews,8,10,10,God,citing Jeremiah,New-covenant people,New Covenant;New Heart,False,1
978,"I will be merciful to their unrighteousness, and their sins and lawless deeds I will remember no more",Hebrews 8:12,Hebrews,8,12,12,God,citing Jeremiah,New-covenant people,Forgiveness;Mercy,False,1
979,"He is the Mediator of the new covenant, that those who are called may receive the promise of the eternal inheritance",Hebrews 9:15,Hebrews,9,15,15,God,through the writer,The called,Inheritance;New Covenant,False,1
980,"Christ was offered once to bear the sins of many; to those who eagerly wait for Him He will appear a second time, apart from sin, for salvation",Hebrews 9:28,Hebrews,9,28,28,God,through the writer,Those who wait for Him,Second Coming;Salvation,False,1
981,I will put My laws into their hearts and in their minds I will write them; their sins and lawless deeds I will remember no more,Hebrews 10:16-17,Hebrews,10,16,17,God,citing Jeremiah,Believers,New Covenant;Forgiveness,False,1
982,"Do not cast away your confidence, which has great reward; after you have done the will of God, you will receive the promise",Hebrews 10:35-36,Hebrews,10,35,36,God,through the writer,Believers,Reward;Perseverance,True,1
983,"Yet a little while, and He who is coming will come and will not tarry",Hebrews 10:37,Hebrews,10,37,37,God,through the writer,Believers,Second Coming,False,1
984,"He who comes to God must believe that He is, and that He is a rewarder of those who diligently seek Him",Hebrews 11:6,Hebrews,11,6,6,God,through the writer,Those who seek Him,Reward,True,1
985,"Whom the LORD loves He chastens; He disciplines us for our profit, that we may be partakers of His holiness — afterward it yields the peaceable fruit of righteousness",Hebrews 12:5-11,Hebrews,12,5,11,God,through the writer,God's sons,Discipline;Sanctification,False,1
986,He Himself has said: I will never leave you nor forsake you,Hebrews 13:5,Hebrews,13,5,5,God,,Believers,Presence;Faithfulness,False,1
987,The LORD is my helper; I will not fear. What can man do to me?,Hebrews 13:6,Hebrews,13,6,6,God,through the writer,Believers,Strength;Protection,False,1
988,The God of peace who brought up our Lord Jesus from the dead through the blood of the everlasting covenant will make you complete in every good work to do His will,Hebrews 13:20-21,Hebrews,13,20,21,God,through the writer,Believers,Sanctification;Resurrection,False,1
989,"If any of you lacks wisdom, let him ask of God, who gives to all liberally and without reproach, and it will be given to him",James 1:5,James,1,5,5,God,through James,All who ask,Wisdom;Prayer,True,1
990,"Blessed is the man who endures temptation; when he has been approved, he will receive the crown of life which the Lord has promised to those who love Him",James 1:12,James,1,12,12,God,through James,Those who love Him,Reward;Life,True,1
991,"God resists the proud, but gives grace to the humble",James 4:6,James,4,6,6,God,through James,The humble,Grace,True,1
992,Resist the devil and he will flee from you,James 4:7,James,4,7,7,God,through James,Believers,Victory,True,1
993,Draw near to God and He will draw near to you,James 4:8,James,4,8,8,God,through James,Believers,Presence,True,1
994,"Humble yourselves in the sight of the Lord, and He will lift you up",James 4:10,James,4,10,10,God,through James,The humble,Exaltation,True,1
995,"The prayer of faith will save the sick, and the Lord will raise him up; if he has committed sins, he will be forgiven",James 5:15,James,5,15,15,God,through James,The sick / The praying church,Healing;Forgiveness,True,1
996,"He has begotten us again to a living hope through the resurrection of Jesus Christ, to an inheritance incorruptible, undefiled, that does not fade away, reserved in heaven for you",1 Peter 1:3-4,1 Peter,1,3,4,God,through Peter,Believers,Inheritance;Resurrection;Hope,False,1
997,You are kept by the power of God through faith for salvation ready to be revealed in the last time,1 Peter 1:5,1 Peter,1,5,5,God,through Peter,Believers,Security;Salvation,False,1
998,"Behold, I lay in Zion a chief cornerstone, elect, precious, and he who believes on Him will by no means be put to shame",1 Peter 2:6,1 Peter,2,6,6,God,citing Isaiah,All who believe,Messiah;Security,True,1
999,"You are a chosen generation, a royal priesthood, a holy nation, His own special people",1 Peter 2:9,1 Peter,2,9,9,God,through Peter,The Church,Identity;Priesthood,False,1
1000,"The eyes of the LORD are on the righteous, and His ears are open to their prayers",1 Peter 3:12,1 Peter,3,12,12,God,"through Peter, citing Psalm 34",The righteous,Prayer;Presence,True,1
1001,"When the Chief Shepherd appears, you will receive the crown of glory that does not fade away",1 Peter 5:4,1 Peter,5,4,4,God,through Peter,Faithful shepherds,Reward;Second Coming,True,1
1002,"Humble yourselves under the mighty hand of God, that He may exalt you in due time, casting all your care upon Him, for He cares for you",1 Peter 5:6-7,1 Peter,5,6,7,God,through Peter,The humble,Exaltation;Care,True,1
1003,"The God of all grace, who called us to His eternal glory by Christ Jesus, after you have suffered a while, will perfect, establish, strengthen, and settle you",1 Peter 5:10,1 Peter,5,10,10,God,through Peter,Suffering believers,Restoration;Strength,False,1
1004,"He has given us exceedingly great and precious promises, that through these you may be partakers of the divine nature",2 Peter 1:4,2 Peter,1,4,4,God,through Peter,Believers,Sanctification;Promises,False,1
1005,"If you do these things you will never stumble, and an entrance will be supplied to you abundantly into the everlasting kingdom of our Lord Jesus Christ",2 Peter 1:10-11,2 Peter,1,10,11,God,through Peter,Diligent believers,Kingdom;Perseverance,True,1
1006,The Lord knows how to deliver the godly out of temptations and to reserve the unjust under punishment for the day of judgment,2 Peter 2:9,2 Peter,2,9,9,God,through Peter,The godly / The unjust,Deliverance;Judgment,False,1
1007,"The Lord is not slack concerning His promise, but is longsuffering toward us, not willing that any should perish but that all should come to repentance",2 Peter 3:9,2 Peter,3,9,9,God,through Peter,All people,Mercy;Faithfulness,False,1
1008,"We, according to His promise, look for new heavens and a new earth in which righteousness dwells",2 Peter 3:13,2 Peter,3,13,13,God,through Peter,Believers,New Creation,False,1
1009,"If we confess our sins, He is faithful and just to forgive us our sins and to cleanse us from all unrighteousness",1 John 1:9,1 John,1,9,9,God,through John,The confessing,Forgiveness;Cleansing,True,1
1010,"If anyone sins, we have an Advocate with the Father, Jesus Christ the righteous — He Himself is the propitiation for our sins, and for the whole world",1 John 2:1-2,1 John,2,1,2,God,through John,Believers,Advocacy;Atonement,False,1
1011,He who does the will of God abides forever,1 John 2:17,1 John,2,17,17,God,through John,The obedient,Eternal Life,True,1
1012,This is the promise that He has promised us — eternal life,1 John 2:25,1 John,2,25,25,God,through John,Believers,Eternal Life,False,1
1013,"We know that when He is revealed, we shall be like Him, for we shall see Him as He is",1 John 3:2,1 John,3,2,2,God,through John,Children of God,Glorification;Second Coming,False,1
1014,"Whoever confesses that Jesus is the Son of God, God abides in him, and he in God",1 John 4:15,1 John,4,15,15,God,through John,Confessors,Presence;Union,True,1
1015,"God has given us eternal life, and this life is in His Son; he who has the Son has life",1 John 5:11-12,1 John,5,11,12,God,through John,Those who have the Son,Eternal Life,True,1
1016,"If we ask anything according to His will, He hears us; and we know that we have the petitions that we have asked of Him",1 John 5:14-15,1 John,5,14,15,God,through John,Believers,Prayer,True,1
1017,The truth abides in us and will be with us forever,2 John 1:2,2 John,1,2,2,God,through John,Believers,Faithfulness;Truth,False,1
1018,He is able to keep you from stumbling and to present you faultless before the presence of His glory with exceeding joy,Jude 1:24,Jude,1,24,24,God,through Jude,Believers,Security;Glorification,False,1
1019,"Behold, He is coming with clouds, and every eye will see Him, even they who pierced Him",Revelation 1:7,Revelation,1,7,7,God,through John,All the earth,Second Coming,False,1
1020,"I am He who lives, and was dead, and behold, I am alive forevermore; and I have the keys of Hades and of Death",Revelation 1:18,Revelation,1,18,18,Jesus,,John / The Church,Resurrection;Victory,False,1
1021,"To him who overcomes I will give to eat from the tree of life, which is in the midst of the Paradise of God",Revelation 2:7,Revelation,2,7,7,Jesus,,Overcomers (Ephesus),Eternal Life,True,1
1022,"Be faithful until death, and I will give you the crown of life",Revelation 2:10,Revelation,2,10,10,Jesus,,Smyrna / The faithful,Reward;Life,True,1
1023,He who overcomes shall not be hurt by the second death,Revelation 2:11,Revelation,2,11,11,Jesus,,Overcomers (Smyrna),Eternal Life;Security,True,1
1024,"To him who overcomes I will give some of the hidden manna to eat, and a white stone with a new name written on it",Revelation 2:17,Revelation,2,17,17,Jesus,,Overcomers (Pergamos),Provision;Identity,True,1
1025,"He who overcomes and keeps My works until the end, to him I will give power over the nations — and I will give him the morning star",Revelation 2:26-28,Revelation,2,26,28,Jesus,,Overcomers (Thyatira),Authority;Kingdom,True,1
1026,"He who overcomes shall be clothed in white garments; I will not blot out his name from the Book of Life, but I will confess his name before My Father and His angels",Revelation 3:5,Revelation,3,5,5,Jesus,,Overcomers (Sardis),Security;Acknowledgment,True,1
1027,"Because you have kept My command to persevere, I also will keep you from the hour of trial which shall come upon the whole world",Revelation 3:10,Revelation,3,10,10,Jesus,,Philadelphia / The persevering,Protection,True,1
1028,"He who overcomes, I will make him a pillar in the temple of My God, and he shall go out no more; I will write on him the name of My God and the name of the city of My God",Revelation 3:12,Revelation,3,12,12,Jesus,,Overcomers (Philadelphia),Identity;Presence,True,1
1029,"Behold, I stand at the door and knock; if anyone hears My voice and opens the door, I will come in to him and dine with him, and he with Me",Revelation 3:20,Revelation,3,20,20,Jesus,,Laodicea / All who open,Presence;Fellowship,True,1
1030,"To him who overcomes I will grant to sit with Me on My throne, as I also overcame and sat down with My Father on His throne",Revelation 3:21,Revelation,3,21,21,Jesus,,Overcomers (Laodicea),Kingdom;Reward,True,1
1031,"They shall neither hunger anymore nor thirst anymore; the Lamb will shepherd them and lead them to living fountains of waters, and God will wipe away every tear from their eyes",Revelation 7:16-17,Revelation,7,16,17,God,through John,The redeemed multitude,Comfort;Provision,False,1
1032,"The kingdoms of this world have become the kingdoms of our Lord and of His Christ, and He shall reign forever and ever",Revelation 11:15,Revelation,11,15,15,God,through heavenly voices,All creation,Kingdom,False,1
1033,"Blessed are the dead who die in the Lord from now on; they rest from their labors, and their works follow them",Revelation 14:13,Revelation,14,13,13,God,through the Spirit,Those who die in the Lord,Rest;Reward,False,1
1034,Blessed are those who are called to the marriage supper of the Lamb,Revelation 19:9,Revelation,19,9,9,God,through the angel,The called,Fellowship;Joy,False,1
1035,"Blessed and holy is he who has part in the first resurrection; over such the second death has no power, but they shall be priests of God and of Christ and shall reign with Him a thousand years",Revelation 20:6,Revelation,20,6,6,God,through John,Partakers of the first resurrection,Resurrection;Kingdom;Priesthood,False,1
1036,"Behold, the tabernacle of God is with men, and He will dwell with them, and they shall be His people; God Himself will be with them and be their God",Revelation 21:3,Revelation,21,3,3,God,,The redeemed,Presence;Covenant,False,1
1037,"God will wipe away every tear from their eyes; there shall be no more death, nor sorrow, nor crying; there shall be no more pain, for the former things have passed away",Revelation 21:4,Revelation,21,4,4,God,,The redeemed,Comfort;New Creation,False,1
1038,"Behold, I make all things new",Revelation 21:5,Revelation,21,5,5,God,,All creation,New Creation,False,1
1039,I will give of the fountain of the water of life freely to him who thirsts,Revelation 21:6,Revelation,21,6,6,God,,The thirsty,Eternal Life,True,1
1040,"He who overcomes shall inherit all things, and I will be his God and he shall be My son",Revelation 21:7,Revelation,21,7,7,God,,Overcomers,Inheritance;Adoption,True,1
1041,"They shall see His face, and His name shall be on their foreheads",Revelation 22:4,Revelation,22,4,4,God,through John,His servants,Presence;Glory,False,1
1042,"There shall be no night there; the Lord God gives them light, and they shall reign forever and ever",Revelation 22:5,Revelation,22,5,5,God,through John,His servants,Kingdom;Glory,False,1
1043,"Behold, I am coming quickly! Blessed is he who keeps the words of the prophecy of this book",Revelation 22:7,Revelation,22,7,7,Jesus,,All who keep His words,Second Coming;Blessing,True,1
1044,"Behold, I am coming quickly, and My reward is with Me, to give to every one according to his work",Revelation 22:12,Revelation,22,12,12,Jesus,,All people,Second Coming;Reward,False,1
1045,"Blessed are those who do His commandments, that they may have the right to the tree of life, and may enter through the gates into the city",Revelation 22:14,Revelation,22,14,14,Jesus,,The obedient,Eternal Life;Access,True,1
1046,Surely I am coming quickly,Revelation 22:20,Revelation,22,20,20,Jesus,,The Church,Second Coming,False,1
